url,headline,scrape_date,scrape_datetime
https://news.err.ee/1610075755/mp-estonia-loses-a-good-friend-with-us-senator-lindsey-graham-s-death,MP: Estonia loses a 'good friend' with US Senator Lindsey Graham's death,2026-07-12,2026-07-12_21.48.16
https://news.err.ee/1610075713/airport-tramline-on-schedule-to-reopen-on-august-1-after-test-run,Airport tramline on schedule to reopen on August 1 after test run,2026-07-12,2026-07-12_21.48.16
https://news.err.ee/1610075701/reform-and-eesti-200-recieve-lowest-party-donations-in-q2,Reform and Eesti 200 recieve lowest party donations in Q2,2026-07-12,2026-07-12_21.48.16
https://news.err.ee/1610075698/producers-do-not-plan-to-stop-selling-cage-free-eggs-anytime-soon,Producers do not plan to stop selling cage-free eggs anytime soon,2026-07-12,2026-07-12_21.48.16
https://news.err.ee/1610075686/russian-disinformation-surge-may-be-connected-to-upcoming-baltic-elections,Russian disinformation surge may be connected to upcoming Baltic elections,2026-07-12,2026-07-12_21.48.16
https://news.err.ee/1610075257/estonia-falls-just-short-against-ireland-in-european-golf-team-final,Estonia falls just short against Ireland in European golf team final,2026-07-12,2026-07-12_21.48.16
https://news.err.ee/1610075344/new-estonian-state-fleet-vessel-runs-on-saaremaa-cow-manure,New Estonian state fleet vessel runs on Saaremaa cow manure,2026-07-12,2026-07-12_21.48.16
https://news.err.ee/1610075317/saaremaa-s-i-land-sound-summer-festival-program-announced,Saaremaa's I Land Sound summer festival program announced,2026-07-12,2026-07-12_21.48.16
https://news.err.ee/1610075284/parnu-music-festival-opens-with-world-premieres-and-international-stars,Pärnu Music Festival opens with world premieres and international stars,2026-07-12,2026-07-12_21.48.16
https://news.err.ee/1610074756/3-minors-assaulted-by-adults-in-parnu-criminal-investigation-launched,"3 minors assaulted by adults in Pärnu, criminal investigation launched",2026-07-12,2026-07-12_21.48.16
https://news.err.ee/1610074699/defense-intelligence-russia-may-face-air-force-fuel-problems-after-ukrainian-strikes,Defense Intelligence: Russia may face air force fuel problems after Ukrainian strikes,2026-07-12,2026-07-12_21.48.16
https://news.err.ee/1610074585/pedestrian-killed-after-tallinn-tram-driver-used-phone-on-duty,Pedestrian killed after Tallinn tram driver used phone on duty,2026-07-12,2026-07-12_21.48.16
https://news.err.ee/1610042176/err-carrying-fifa-world-cup-2026-knockout-matches-live,ERR carrying FIFA World Cup 2026 knockout matches live,2026-07-12,2026-07-12_21.48.16
https://news.err.ee/1610073646/estonian-government-approves-extending-temporary-protection-of-ukrainian-refugees,Estonian government approves extending temporary protection of Ukrainian refugees,2026-07-12,2026-07-12_21.48.16
https://news.err.ee/1610073649/where-to-watch-the-climax-of-the-fifa-world-cup,Where to watch the climax of the FIFA world cup,2026-07-12,2026-07-12_21.48.16
https://news.err.ee/1610075275/estonia-joins-other-2-baltic-states-in-protest-over-russian-airspace-claims,Estonia joins other 2 Baltic states in protest over Russian airspace claims,2026-07-12,2026-07-12_21.48.16
https://news.err.ee/1610075200/estonia-s-night-fairies-help-keep-beach-grind-festival-goers-safe,Estonia's 'Night Fairies' help keep Beach Grind festival-goers safe,2026-07-12,2026-07-12_21.48.16
https://news.err.ee/1610076214/store-chain-restricts-drain-cleaner-sales-to-minors,Store chain restricts drain cleaner sales to minors,2026-07-13,2026-07-13_06.51.07
https://news.err.ee/1610076172/estonia-introduces-new-salary-transparency-requirements,Estonia introduces new salary transparency requirements,2026-07-13,2026-07-13_06.51.07
https://news.err.ee/1610076100/nearly-100-000-people-visited-tallinn-maritime-days-this-year,"Nearly 100,000 people visited Tallinn Maritime Days this year",2026-07-13,2026-07-13_06.51.07
https://news.err.ee/1610076088/weather-ruins-strawberry-harvest-for-many-growers,Weather ruins strawberry harvest for many growers,2026-07-13,2026-07-13_06.51.07
https://news.err.ee/1610075755/mps-estonia-loses-a-good-friend-with-us-senator-lindsey-graham-s-death,MPs: Estonia loses a 'good friend' with US Senator Lindsey Graham's death,2026-07-13,2026-07-13_06.51.07
https://news.err.ee/1610076358/scientists-explain-why-linden-trees-appear-to-smoke,Scientists explain why linden trees appear to 'smoke',2026-07-13,2026-07-13_10.57.08
https://news.err.ee/1610076340/a-fatal-crash-in-laane-viru-county-18-year-old-unlicensed-driver-tried-to-flee,A fatal crash in Lääne‑Viru County: 18‑year‑old unlicensed driver tried to flee,2026-07-13,2026-07-13_10.57.08
https://news.err.ee/1610076274/then-and-now-tallinn-seeks-photographs-for-restoration-of-independence-exhibition,Then and now: Tallinn seeks photographs for restoration of independence exhibition,2026-07-13,2026-07-13_10.57.08
https://news.err.ee/1610076331/tv-thriller-series-being-shot-in-ukraine-and-estonia,TV thriller series being shot in Ukraine and Estonia,2026-07-13,2026-07-13_10.57.08
https://news.err.ee/1610076310/former-edf-officer-convicted-of-treason-may-be-released-on-parole,Former EDF officer convicted of treason may be released on parole,2026-07-13,2026-07-13_10.57.08
https://news.err.ee/1610076298/watch-fionnt-n-de-br-n-kneecap-made-the-irish-language-cool-for-young-people,Watch | Fionntán De Brún: Kneecap made the Irish language cool for young people,2026-07-13,2026-07-13_10.57.08
https://news.err.ee/1610076253/ukraine-war-drives-nonmilitary-women-to-join-defense-organization-in-estonia,Ukraine war drives nonmilitary women to join defense organization in Estonia,2026-07-13,2026-07-13_10.57.08
https://news.err.ee/1610075698/producers-do-not-intend-to-stop-selling-eggs-from-caged-hens-anytime-soon,Producers do not intend to stop selling eggs from caged hens anytime soon,2026-07-13,2026-07-13_10.57.08
https://news.err.ee/1610076547/gallery-estonian-uk-service-dogs-hold-training-exercise-to-improve-cooperation,"Gallery: Estonian, UK service dogs hold training exercise to improve cooperation",2026-07-13,2026-07-13_14.25.56
https://news.err.ee/1610076538/health-experts-urge-voluntary-nutri-score-labels-as-industry-groups-push-back,Health experts urge voluntary Nutri‑Score labels as industry groups push back,2026-07-13,2026-07-13_14.25.56
https://news.err.ee/1610076520/estonia-wants-free-ets-emission-credits-to-be-distributed-after-2040,Estonia wants free ETS emission credits to be distributed after 2040,2026-07-13,2026-07-13_14.25.56
https://news.err.ee/1610076463/tartu-wrapping-school-shelter-windows-in-plastic-to-protect-against-attacks,Tartu wrapping school shelter windows in plastic to protect against attacks,2026-07-13,2026-07-13_14.25.56
https://news.err.ee/1610076445/traffic-expert-accidents-occur-as-before-but-safer-cars-are-saving-lives,"Traffic expert: Accidents occur as before, but safer cars are saving lives",2026-07-13,2026-07-13_14.25.56
https://news.err.ee/1610076394/edf-s-manniku-training-area-to-shrink-for-rail-baltic-route-protected-species,"EDF's Männiku training area to shrink for Rail Baltic route, protected species",2026-07-13,2026-07-13_14.25.56
https://news.err.ee/1610076973/elron-raises-ticket-prices-for-services-within-tallinn-from-august,Elron raises ticket prices for services within Tallinn from August,2026-07-14,2026-07-14_06.08.29
https://news.err.ee/1610076940/deputy-mayor-suggests-lifting-heritage-traffic-rules-to-boost-tallinn-s-old-town,"Deputy mayor suggests lifting heritage, traffic rules to boost Tallinn's Old Town",2026-07-14,2026-07-14_06.08.29
https://news.err.ee/1610076910/russia-holds-live-fire-exercise-on-lake-peipus-without-informing-estonia,Russia holds live-fire exercise on Lake Peipus without informing Estonia,2026-07-14,2026-07-14_06.08.29
https://news.err.ee/1610077090/a-call-for-freedom-and-independence-baltic-way-memorial-unveiled-in-paris,'A call for freedom and independence:' Baltic Way memorial unveiled in Paris,2026-07-14,2026-07-14_09.55.03
https://news.err.ee/1610077084/plastic-wrapped-cucumbers-to-disappear-from-estonia-s-stores,Plastic-wrapped cucumbers to disappear from Estonia's stores,2026-07-14,2026-07-14_09.55.03
https://news.err.ee/1610077024/medieval-ship-found-in-tallinn-traced-to-lithuanian-builders,Medieval ship found in Tallinn traced to Lithuanian builders,2026-07-14,2026-07-14_09.55.03
https://news.err.ee/1610077015/just-1-in-3-conscripts-accepted-as-armed-forces-take-gap-year,Just 1 in 3 conscripts accepted as armed forces take 'gap year',2026-07-14,2026-07-14_09.55.03
https://news.err.ee/1610077006/foragers-turn-to-social-media-leaving-stores-without-local-blueberries,"Foragers turn to social media, leaving stores without local blueberries",2026-07-14,2026-07-14_09.55.03
https://news.err.ee/1610077156/estonia-s-most-expensive-apartment-ever-sells-for-4-million,Estonia's most expensive apartment ever sells for €4 million,2026-07-14,2026-07-14_11.24.10
https://news.err.ee/1610077159/parnu-and-local-governments-support-tourist-tax-but-tallinn-against,"Pärnu and local governments support tourist tax, but Tallinn against",2026-07-14,2026-07-14_11.24.10
https://news.err.ee/1610077099/tallink-s-chief-captain-modern-passenger-ships-built-to-survive-any-accident,Tallink's chief captain: Modern passenger ships built to survive any accident,2026-07-14,2026-07-14_11.24.10
https://news.err.ee/1610077129/go3-warns-proposed-estonian-streaming-rules-could-limit-investments,Go3 warns proposed Estonian streaming rules could limit investments,2026-07-14,2026-07-14_11.24.10
https://news.err.ee/1610077216/estonia-ukraine-drone-deal-implementation-begins-immediately,Estonia–Ukraine drone deal implementation 'begins immediately',2026-07-14,2026-07-14_13.28.21
https://news.err.ee/1610077198/tallinn-christmas-market-2026-once-again-to-be-run-by-longtime-operator,Tallinn Christmas market 2026 once again to be run by longtime operator,2026-07-14,2026-07-14_13.28.21
https://news.err.ee/1610077186/watch-stefan-hedlund-you-can-t-have-a-rational-discourse-with-people-who-love-russia,Watch | Stefan Hedlund: You can't have a rational discourse with people who love Russia,2026-07-14,2026-07-14_13.28.21
https://news.err.ee/1610077171/estonia-weighs-limits-on-bulk-communications-data-retention,Estonia weighs limits on bulk communications‑data retention,2026-07-14,2026-07-14_13.28.21
https://news.err.ee/1610077288/deputy-mayor-lastekodu-street-redesign-created-confusion-for-traffic,Deputy mayor: Lastekodu street redesign created confusion for traffic,2026-07-14,2026-07-14_15.22.08
https://news.err.ee/1610077303/russia-plans-to-take-baltics-to-international-court-of-justice-over-alleged-discrimination,Russia plans to take Baltics to International Court of Justice over alleged discrimination,2026-07-14,2026-07-14_15.22.08
https://news.err.ee/1610077249/students-say-festival-attendance-limited-by-rising-prices-and-extra-expense,Students say festival attendance limited by rising prices and extra expense,2026-07-14,2026-07-14_15.22.08
https://news.err.ee/1610077369/gallery-top-us-and-british-acts-close-out-kikumu-festival,Gallery: Top US and British acts close out Kikumu festival,2026-07-14,2026-07-14_17.11.39
https://news.err.ee/1610042176/err-carrying-fifa-world-cup-2026-semifinals-final,"ERR carrying FIFA World Cup 2026 semifinals, final",2026-07-14,2026-07-14_20.57.13
https://news.err.ee/1610077354/footballer-rocco-shein-signed-by-portsmouth-fc-in-one-of-biggest-ever-estonian-transfers,Footballer Rocco Shein signed by Portsmouth FC in one of biggest ever Estonian transfers,2026-07-15,2026-07-15_06.11.45
https://news.err.ee/1610077780/heavy-rain-slows-work-on-estonia-s-eastern-border,Heavy rain slows work on Estonia's eastern border,2026-07-15,2026-07-15_06.11.45
https://news.err.ee/1610077918/restaurateurs-in-estonia-facing-toughest-conditions-in-30-years,Restaurateurs in Estonia facing 'toughest conditions in 30 years',2026-07-15,2026-07-15_09.59.13
https://news.err.ee/1610078008/us-close-to-resuming-weapons-deliveries-says-estonian-ambassador,"US 'close' to resuming weapons deliveries, says Estonian ambassador",2026-07-15,2026-07-15_09.59.13
https://news.err.ee/1610077906/reform-mps-outline-more-than-100-million-in-potential-budget-cuts,Reform MPs outline more than €100 million in potential budget cuts,2026-07-15,2026-07-15_09.59.13
https://news.err.ee/1610077888/poll-sde-s-rating-surge-stalls,Poll: SDE's rating surge stalls,2026-07-15,2026-07-15_09.59.13
https://news.err.ee/1610077843/estonian-troops-join-bastille-day-parade-in-paris,Estonian troops join Bastille Day parade in Paris,2026-07-15,2026-07-15_09.59.13
https://news.err.ee/1610077825/seb-bank-chief-estonia-s-economy-showing-early-recovery,SEB Bank chief: Estonia's economy showing early recovery,2026-07-15,2026-07-15_09.59.13
https://news.err.ee/1610077351/foreign-seasonal-workers-in-estonia-mainly-head-to-agricultural-jobs,Foreign seasonal workers in Estonia mainly head to agricultural jobs,2026-07-15,2026-07-15_09.59.13
https://news.err.ee/1610077363/estonia-sees-tourist-boost-in-may,Estonia sees tourist boost in May,2026-07-15,2026-07-15_09.59.13
https://news.err.ee/1610077963/dorm-living-remains-far-cheaper-for-students-as-tallinn-rental-prices-stay-high,Dorm living remains far cheaper for students as Tallinn rental prices stay high,2026-07-15,2026-07-15_11.39.49
https://news.err.ee/1610077954/man-carrying-deactivated-machine-gun-in-tallinn-has-weapon-confiscated,Man carrying deactivated machine gun in Tallinn has weapon confiscated,2026-07-15,2026-07-15_11.39.49
https://news.err.ee/1610078200/archaeologists-find-papal-seal-in-a-courtyard-in-central-tallinn,Archaeologists find papal seal in a courtyard in central Tallinn,2026-07-15,2026-07-15_13.28.35
https://news.err.ee/1610078143/estonia-mulls-extending-statute-of-limitations-for-crimes-against-children,Estonia mulls extending statute of limitations for crimes against children,2026-07-15,2026-07-15_13.28.35
https://news.err.ee/1610077996/ardo-hansson-the-importunate-chink-of-grasshoppers-and-the-silent-majority,Ardo Hansson: The importunate chink of grasshoppers and the silent majority,2026-07-15,2026-07-15_13.28.35
https://news.err.ee/1610078002/grune-fee-ceo-eu-plastics-rules-could-cut-fruit-and-vegetable-choice,Grüne Fee CEO: EU plastics rules could cut fruit and vegetable choice,2026-07-15,2026-07-15_13.28.35
https://news.err.ee/1610077942/two-squirrel-bridges-installed-in-tartu,Two squirrel bridges installed in Tartu,2026-07-15,2026-07-15_13.28.35
https://news.err.ee/1610078050/high-earning-fathers-most-likely-to-use-estonia-s-parental-benefit-while-continuing-to-work,High‑earning fathers most likely to use Estonia's parental benefit while continuing to work,2026-07-15,2026-07-15_15.25.00
https://news.err.ee/1610078038/research-center-milk-butter-prices-in-estonia-continue-to-fall,"Research center: Milk, butter prices in Estonia continue to fall",2026-07-15,2026-07-15_15.25.00
https://news.err.ee/1610078167/tallinna-fc-flora-out-of-uefa-champions-league,Tallinna FC Flora out of UEFA Champions League,2026-07-16,2026-07-16_06.14.28
https://news.err.ee/1610078563/sweden-s-hanza-buys-metalworking-factory-in-narva-from-finland-s-fortaco,Sweden's Hanza buys metalworking factory in Narva from Finland's Fortaco,2026-07-16,2026-07-16_06.14.28
https://news.err.ee/1610078128/transport-authority-majority-of-drivers-in-estonia-ignore-traffic-lights,Transport authority: Majority of drivers in Estonia ignore traffic lights,2026-07-16,2026-07-16_06.14.28
https://news.err.ee/1610042176/err-showing-fifa-world-cup-2026-final-live,ERR showing FIFA World Cup 2026 final live,2026-07-16,2026-07-16_06.14.28
https://news.err.ee/1610078725/rally-estonia-brings-flight-restrictions-to-south-of-the-country,Rally Estonia brings flight restrictions to south of the country,2026-07-16,2026-07-16_10.05.25
https://news.err.ee/1610078692/elering-tests-reliability-of-estonia-s-power-system,Elering tests reliability of Estonia's power system,2026-07-16,2026-07-16_10.05.25
https://news.err.ee/1610078710/young-birds-on-the-move-increase-summer-hazards-for-estonia-s-drivers,Young birds on the move increase summer hazards for Estonia's drivers,2026-07-16,2026-07-16_10.05.25
https://news.err.ee/1610078644/food-delivery-apps-to-offer-reusable-packaging-option-from-2028,Food delivery apps to offer reusable packaging option from 2028,2026-07-16,2026-07-16_10.05.25
https://news.err.ee/1610078626/plan-for-paid-alcohol-permits-could-reduce-estonia-s-outlet-count,Plan for paid alcohol permits could reduce Estonia's outlet count,2026-07-16,2026-07-16_10.05.25
https://news.err.ee/1610078584/court-fight-over-eurovision-song-could-complicate-music-teaching-and-live-shows,Court fight over Eurovision song could complicate music teaching and live shows,2026-07-16,2026-07-16_10.05.25
https://news.err.ee/1610078176/hans-vare-but-perhaps-rules-do-have-a-reason-after-all,Hans Väre: But perhaps rules do have a reason after all,2026-07-16,2026-07-16_10.05.25
https://news.err.ee/1610078809/saaremaa-opera-days-open-in-the-courtyard-of-kuressaare-castle,Saaremaa Opera Days open in the courtyard of Kuressaare Castle,2026-07-16,2026-07-16_13.42.00
https://news.err.ee/1610078884/prime-minister-estonia-can-fund-defense-and-still-cut-spending,Prime minister: Estonia can fund defense and still cut spending,2026-07-16,2026-07-16_13.42.00
https://news.err.ee/1610078008/us-close-to-resuming-weapons-deliveries-says-estonian-officials,"US 'close' to resuming weapons deliveries, says Estonian officials",2026-07-16,2026-07-16_13.42.00
https://news.err.ee/1610078791/estonia-s-cinema-attendance-up-9-000-in-first-half-of-2026,"Estonia's cinema attendance up 9,000 in first half of 2026",2026-07-16,2026-07-16_13.42.00
https://news.err.ee/1610078785/highest-uv-index-reading-in-estonia-recorded-in-haapsalu,Highest UV index reading in Estonia recorded in Haapsalu,2026-07-16,2026-07-16_13.42.00
https://news.err.ee/1610078905/tallinn-airport-sets-new-record-but-fewer-estonians-are-traveling-this-year,"Tallinn Airport sets new record, but fewer Estonians are traveling this year",2026-07-16,2026-07-16_13.42.00
https://news.err.ee/1610078746/kristina-schotter-the-limits-of-the-prescription-drug-advertising-ban-need-clarity,Kristina Schotter: The limits of the prescription drug advertising ban need clarity,2026-07-16,2026-07-16_13.42.00
https://news.err.ee/1610078716/a-first-for-estonia-fully-electric-aircraft-lands-at-tartu-airport,A first for Estonia: Fully electric aircraft lands at Tartu Airport,2026-07-16,2026-07-16_13.42.00
https://news.err.ee/1610079166/ida-viru-county-water-sports-center-aspires-to-host-international-competitions,Ida-Viru County water sports center aspires to host international competitions,2026-07-16,2026-07-16_15.30.27
https://news.err.ee/1610079187/rally-estonia-returns-with-53-crews-set-for-wrc-action-in-south-estonia,Rally Estonia returns with 53 crews set for WRC action in South Estonia,2026-07-16,2026-07-16_15.30.27
https://news.err.ee/1609996795/scottish-punk-legends-the-exploited-giving-outdoor-gig-in-tallinn,Scottish punk legends The Exploited giving outdoor gig in Tallinn,2026-07-16,2026-07-16_15.30.27
https://news.err.ee/1610078782/gallery-exhibition-5miinust-10-years-opens-at-estonian-national-museum,Gallery: Exhibition '5MIINUST 10 Years' opens at Estonian National Museum,2026-07-17,2026-07-17_06.13.08
https://news.err.ee/1610079643/swedbank-s-half-year-profits-total-122-million,Swedbank's half-year profits total €122 million,2026-07-17,2026-07-17_06.13.08
https://news.err.ee/1610078818/summer-opera-performances-come-to-tallinn-s-town-hall-for-3-weeks,Summer opera performances come to Tallinn's Town Hall for 3 weeks,2026-07-17,2026-07-17_06.13.08
https://news.err.ee/1610079607/uk-to-deploy-more-soldiers-and-preposition-ammunition-in-estonia,UK to deploy more soldiers and preposition ammunition in Estonia,2026-07-17,2026-07-17_06.13.08
https://news.err.ee/1610079757/aivar-kokk-the-biggest-impact-on-the-budget-comes-from-cutting-white-collar-ranks,Aivar Kokk: The biggest impact on the budget comes from cutting white‑collar ranks,2026-07-17,2026-07-17_09.54.18
https://news.err.ee/1610078191/lihtsad-uudised-17-juulil,Lihtsad uudised 17. juulil,2026-07-17,2026-07-17_09.54.18
https://news.err.ee/1610079727/estonia-s-bear-population-continues-to-grow,Estonia's bear population continues to grow,2026-07-17,2026-07-17_09.54.18
https://news.err.ee/1610079703/french-investor-puts-1-million-into-laane-viru-county-wood-plant,French investor puts €1 million into Lääne-Viru County wood plant,2026-07-17,2026-07-17_09.54.18
https://news.err.ee/1610079697/police-not-opening-corruption-investigation-at-estonian-national-opera,Police not opening corruption investigation at Estonian National Opera,2026-07-17,2026-07-17_09.54.18
https://news.err.ee/1610079682/outgoing-envoy-to-us-americans-view-estonia-positively,Outgoing envoy to US: Americans view Estonia positively,2026-07-17,2026-07-17_09.54.18
https://news.err.ee/1610079790/nolan-s-the-odyssey-won-t-be-shown-in-imax-format-in-estonia,Nolan's 'The Odyssey' won't be shown in IMAX format in Estonia,2026-07-17,2026-07-17_11.19.38
https://news.err.ee/1610079931/russia-s-fuel-shortages-could-lead-to-more-repressions-says-estonian-intel,"Russia's fuel shortages could lead to more repressions, says Estonian intel",2026-07-17,2026-07-17_11.19.38
https://news.err.ee/1610079793/pedestrian-dies-after-being-hit-by-a-vehicle-in-tallinn-s-mustamae,Pedestrian dies after being hit by a vehicle in Tallinn's Mustamäe,2026-07-17,2026-07-17_11.19.38
https://news.err.ee/1610079880/hiiumaa-hospital-stops-planned-maternity-care-amid-pediatrician-shortage,Hiiumaa Hospital stops planned maternity care amid pediatrician shortage,2026-07-17,2026-07-17_13.20.08
https://news.err.ee/1610079820/estonia-s-peak-tourism-season-arrives-earlier-than-rest-of-europe,Estonia's peak tourism season arrives earlier than rest of Europe,2026-07-17,2026-07-17_13.20.08
https://news.err.ee/1610079829/mihhail-kolvart-estonia-s-finances-cannot-be-fixed-at-the-expense-of-the-economy,Mihhail Kõlvart: Estonia's finances cannot be fixed at the expense of the economy,2026-07-17,2026-07-17_13.20.08
https://news.err.ee/1610079991/estonian-finnish-drama-series-receives-funding-from-council-of-europe,Estonian-Finnish drama series receives funding from Council of Europe,2026-07-17,2026-07-17_15.11.07
https://news.err.ee/1610079964/weatherman-extreme-weather-puts-forecasting-models-to-the-test,Weatherman: Extreme weather puts forecasting models to the test,2026-07-17,2026-07-17_15.11.07
https://news.err.ee/1610080474/mp-minister-s-iss-visit-an-overstep-of-powers,MP: Minister's ISS visit an overstep of powers,2026-07-18,2026-07-18_09.20.49
https://news.err.ee/1610080450/sami-pajari-takes-a-clean-sweep-of-rally-estonia-day-one-stages,Sami Pajari takes a clean sweep of Rally Estonia day one stages,2026-07-18,2026-07-18_09.20.49
https://news.err.ee/1610080438/tartu-exhibition-celebrates-90-years-of-estonia-s-iconic-limpa-lemonade,Tartu exhibition celebrates 90 years of Estonia's iconic Limpa lemonade,2026-07-18,2026-07-18_09.20.49
https://news.err.ee/1610080054/watch-carl-johan-vallgren-i-slept-on-my-manuscript-like-a-pillow,Watch | Carl-Johan Vallgren: I slept on my manuscript like a pillow,2026-07-18,2026-07-18_09.20.49
https://news.err.ee/1610080495/cider-and-cherry-stones-seven-popular-summer-myths-busted-by-the-experts,Cider and cherry stones: Seven popular summer myths busted by the experts,2026-07-18,2026-07-18_10.59.43
https://news.err.ee/1610080489/gallery-9th-i-land-sound-festival-opening-day-on-saaremaa,Gallery: 9th I Land Sound festival opening day on Saaremaa,2026-07-18,2026-07-18_10.59.43
https://news.err.ee/1610080546/russia-protests-removal-of-valga-county-soviet-war-memorial,Russia protests removal of Valga County Soviet war memorial,2026-07-18,2026-07-18_13.06.27
https://news.err.ee/1610080570/russia-bans-all-commercial-freight-transport-by-estonia-registered-trucks,Russia bans all commercial freight transport by Estonia-registered trucks,2026-07-18,2026-07-18_14.48.26
https://news.err.ee/1610080525/paavo-jarvi-to-conduct-at-prestigious-bbc-proms,Paavo Järvi to conduct at prestigious BBC Proms,2026-07-18,2026-07-18_14.48.26
https://news.err.ee/1610080525/estonian-conductor-paavo-jarvi-to-conduct-at-prestigious-bbc-proms,Estonian conductor Paavo Järvi to conduct at prestigious BBC Proms,2026-07-18,2026-07-18_16.54.00
https://news.err.ee/1610080558/swan-family-rescued-after-wreaking-havoc-on-busy-tallinn-highway,Swan family rescued after wreaking havoc on busy Tallinn highway,2026-07-19,2026-07-19_06.27.22
https://news.err.ee/1610073649/where-to-watch-the-fifa-world-cup-final,Where to watch the FIFA world cup final,2026-07-19,2026-07-19_06.27.22
https://news.err.ee/1610080936/35th-anniversary-of-restoration-of-estonian-independence-to-see-extensive-events,35th anniversary of restoration of Estonian independence to see extensive events,2026-07-19,2026-07-19_09.49.17
https://news.err.ee/1610080909/four-treated-for-carbon-monoxide-poisoning-after-visiting-tallinn-spa,Four treated for carbon monoxide poisoning after visiting Tallinn spa,2026-07-19,2026-07-19_09.49.17
https://news.err.ee/1610080894/estonia-getting-new-british-deployment-tailored-to-its-battlefield-needs,Estonia getting new British deployment tailored to its battlefield needs,2026-07-19,2026-07-19_09.49.17
https://news.err.ee/1610080954/tallinn-deputy-mayor-suggests-old-town-property-sell-offs-amid-vacancies,Tallinn deputy mayor suggests Old Town property sell-offs amid vacancies,2026-07-19,2026-07-19_11.07.54
https://news.err.ee/1610080450/toyota-driver-sami-pajari-wins-rally-estonia-after-dominating-weekend,Toyota driver Sami Pajari wins Rally Estonia after dominating weekend,2026-07-19,2026-07-19_13.09.13
https://news.err.ee/1610081005/gallery-xxi-hiiu-folk-festival-day-one,Gallery: XXI Hiiu Folk festival day one,2026-07-19,2026-07-19_13.09.13
https://news.err.ee/1610081377/drone-defense-system-on-estonia-s-eastern-border-still-in-early-development,Drone‑defense system on Estonia's eastern border still in early development,2026-07-20,2026-07-20_06.42.59
https://news.err.ee/1610081332/retailer-license-fee-would-increase-alcohol-prices-for-customers,Retailer: License fee would increase alcohol prices for customers,2026-07-20,2026-07-20_06.42.59
https://news.err.ee/1610081509/tallinn-takes-movies-outdoors-with-summer-screenings-across-the-city,Tallinn takes movies outdoors with summer screenings across the city,2026-07-20,2026-07-20_10.48.37
https://news.err.ee/1610081518/estonian-winter-barley-harvest-starts-with-strong-yields,Estonian winter barley harvest starts with strong yields,2026-07-20,2026-07-20_10.48.37
https://news.err.ee/1610081455/estonian-hunters-deploy-drones-to-keep-african-swine-fever-from-farms,Estonian hunters deploy drones to keep African swine fever from farms,2026-07-20,2026-07-20_10.48.37
https://news.err.ee/1610081461/gallery-wagner-s-das-rheingold-staged-in-full-for-first-time-at-saaremaa-opera-days,Gallery: Wagner's 'Das Rheingold' staged in full for first time at Saaremaa Opera Days,2026-07-20,2026-07-20_10.48.37
https://news.err.ee/1610081443/summer-brigades-give-teens-abroad-a-chance-to-work-in-estonia,Summer brigades give teens abroad a chance to work in Estonia,2026-07-20,2026-07-20_10.48.37
https://news.err.ee/1610081407/ospreys-return-to-western-estonia-as-rivers-recover,Ospreys return to Western Estonia as rivers recover,2026-07-20,2026-07-20_10.48.37
https://news.err.ee/1610081422/tallinn-plans-elaborate-winter-decorations-across-city-districts,Tallinn plans elaborate winter decorations across city districts,2026-07-20,2026-07-20_10.48.37
https://news.err.ee/1610081725/kaupo-meiel-the-winners-and-losers-of-this-summer-at-halftime,Kaupo Meiel: The winners and losers of this summer at halftime,2026-07-20,2026-07-20_13.57.58
https://news.err.ee/1610081659/prosecutor-s-office-stretches-deadline-in-high-stakes-isamaa-case,Prosecutor's Office stretches deadline in high‑stakes Isamaa case,2026-07-20,2026-07-20_13.57.58
https://news.err.ee/1610081626/more-foreign-and-complex-cases-drive-tallinn-push-to-revamp-vital-statistics-funding,More foreign and complex cases drive Tallinn push to revamp vital statistics funding,2026-07-20,2026-07-20_13.57.58
https://news.err.ee/1610081596/veteran-diplomat-nato-s-deterrence-is-meant-to-work-primarily-in-putin-s-mind,Veteran diplomat: NATO's deterrence is meant to work primarily in Putin's mind,2026-07-20,2026-07-20_13.57.58
https://news.err.ee/1610081680/minister-closure-of-estonia-s-border-with-russia-depends-on-threat-assessment,Minister: Closure of Estonia's border with Russia depends on threat assessment,2026-07-20,2026-07-20_13.57.58
https://news.err.ee/1610081611/justice-ministry-cracks-down-on-minors-access-to-tobacco-products,Justice ministry cracks down on minors' access to tobacco products,2026-07-20,2026-07-20_13.57.58
https://news.err.ee/1610081722/parnu-music-festival-draws-nearly-35-000-in-person-and-online,"Pärnu Music Festival draws nearly 35,000 in person and online",2026-07-20,2026-07-20_15.53.10
https://news.err.ee/1610081770/several-estonians-on-global-crews-behind-world-cup-ceremony-broadcasts,Several Estonians on global crews behind World Cup ceremony broadcasts,2026-07-21,2026-07-21_06.25.34
https://news.err.ee/1610082103/hungary-s-otp-bank-to-buy-luminor,Hungary's OTP Bank to buy Luminor,2026-07-21,2026-07-21_06.25.34
https://news.err.ee/1610081716/university-students-start-inventorying-estonia-s-soviet-monumental-art,University students start inventorying Estonia's Soviet monumental art,2026-07-21,2026-07-21_06.25.34
https://news.err.ee/1610082355/estonian-expert-larger-middle-east-war-likely,Estonian expert: Larger Middle East war likely,2026-07-21,2026-07-21_10.23.01
https://news.err.ee/1610082331/gallery-european-rc-car-racing-champions-crowned-in-estonia,Gallery: European RC car racing champions crowned in Estonia,2026-07-21,2026-07-21_10.23.01
https://news.err.ee/1610082232/tartu-s-open-air-market-set-to-shrink-as-vendors-and-shoppers-dwindle,Tartu's open-air market set to shrink as vendors and shoppers dwindle,2026-07-21,2026-07-21_10.23.01
https://news.err.ee/1610082319/eis-leads-55-rise-in-state-spending-on-private-pr-firms,EIS leads 55% rise in state spending on private PR firms,2026-07-21,2026-07-21_10.23.01
https://news.err.ee/1610082268/foreign-ministry-s-ukraine-bureau-chief-ukraine-s-soldiers-can-t-afford-to-be-shaken-by-political-upheaval,Foreign Ministry's Ukraine bureau chief: Ukraine's soldiers can't afford to be shaken by political upheaval,2026-07-21,2026-07-21_10.23.01
https://news.err.ee/1610082280/tallinn-film-city-studio-complex-construction-to-begin-this-winter,Tallinn Film City studio complex construction to begin this winter,2026-07-21,2026-07-21_10.23.01
https://news.err.ee/1610082217/discarded-e-cigarettes-in-battery-bins-still-easily-accessible-to-children,Discarded e-cigarettes in battery bins still easily accessible to children,2026-07-21,2026-07-21_10.23.01
https://news.err.ee/1610082115/stalin-era-ceiling-mural-covered-up-at-tallinn-cultural-center,Stalin-era ceiling mural covered up at Tallinn cultural center,2026-07-21,2026-07-21_10.23.01
https://news.err.ee/1610082736/turkish-airlines-suspected-of-using-russian-airspace-on-flight-from-tallinn,Turkish Airlines suspected of using Russian airspace on flight from Tallinn,2026-07-21,2026-07-21_13.39.43
https://news.err.ee/1610082448/mihkel-mariusz-jezierski-students-expect-clear-rules-for-using-ai,Mihkel Mariusz Jezierski: Students expect clear rules for using AI,2026-07-21,2026-07-21_13.39.43
https://news.err.ee/1610082439/19th-century-estonian-settlers-in-caucasus-linked-malaria-to-hard-work-raw-berries,"19th century Estonian settlers in Caucasus linked malaria to hard work, raw berries",2026-07-21,2026-07-21_13.39.43
https://news.err.ee/1610082397/eu-won-t-revise-ets2-commission-official-tells-estonia,"EU won't revise ETS2, Commission official tells Estonia",2026-07-21,2026-07-21_13.39.43
https://news.err.ee/1610082394/vocational-school-demand-uneven-as-tallinn-questions-girls-interest,Vocational school demand uneven as Tallinn questions girls' interest,2026-07-21,2026-07-21_13.39.43
https://news.err.ee/1610082373/rising-insolvencies-could-threaten-estonia-s-internal-security-agency-says,"Rising insolvencies could threaten Estonia's internal security, agency says",2026-07-21,2026-07-21_13.39.43
https://news.err.ee/1610082364/err-in-the-us-spain-fans-travel-far-and-wide-to-see-world-cup-victory,ERR in the US: Spain fans travel far and wide to see World Cup victory,2026-07-21,2026-07-21_13.39.43
https://news.err.ee/1610082688/katrina-lehis-estonia-p-e-teams-open-fencing-world-championships,"Katrina Lehis, Estonia épée teams open Fencing World Championships",2026-07-21,2026-07-21_15.40.52
https://news.err.ee/1610082607/estonia-to-shift-to-mostly-two-person-ambulance-crews-by-2028,Estonia to shift to mostly two-person ambulance crews by 2028,2026-07-21,2026-07-21_15.40.52
https://news.err.ee/1610082373/rising-insolvencies-could-threaten-estonia-s-internal-security,Rising insolvencies could threaten Estonia's internal security,2026-07-21,2026-07-21_15.40.52
https://news.err.ee/1610082682/saaremaa-mass-grave-remains-unmarked-months-after-reburial,Saaremaa mass grave remains unmarked months after reburial,2026-07-22,2026-07-22_06.25.42
https://news.err.ee/1610082610/gallery-playful-hats-pop-up-on-tartu-statues-for-british-artist-s-new-show,Gallery: Playful hats pop up on Tartu statues for British artist's new show,2026-07-22,2026-07-22_06.25.42
https://news.err.ee/1610083081/poll-ekre-rises-to-third-place,Poll: EKRE rises to third place,2026-07-22,2026-07-22_06.25.42
https://news.err.ee/1610083207/health-economists-estonia-s-health-insurance-is-like-the-american-dream,Health economists: Estonia's health insurance is like the American Dream,2026-07-22,2026-07-22_10.22.30
https://news.err.ee/1610083192/tallinn-cancels-construction-work-contract-for-endla-tanav-tunnels,Tallinn cancels construction work contract for Endla tänav tunnels,2026-07-22,2026-07-22_10.22.30
https://news.err.ee/1610083168/historic-estonia-e-state-reform-targets-efficiency-not-cuts,"'Historic' Estonia e-state reform targets efficiency, not cuts",2026-07-22,2026-07-22_10.22.30
https://news.err.ee/1610083150/police-report-sharp-rise-in-thefts,Police report sharp rise in thefts,2026-07-22,2026-07-22_10.22.30
https://news.err.ee/1610082625/government-pushes-to-close-unfinished-land-reform,Government pushes to close unfinished land reform,2026-07-22,2026-07-22_10.22.30
https://news.err.ee/1610082718/coop-pank-and-lhv-see-mixed-fortunes-in-q2-2026,Coop Pank and LHV see mixed fortunes in Q2 2026,2026-07-22,2026-07-22_10.22.30
https://news.err.ee/1610082691/seto-kingdom-to-be-proclaimed-for-a-day-on-august-1,Seto Kingdom to be proclaimed for a day on August 1,2026-07-22,2026-07-22_10.22.30
https://news.err.ee/1610083330/estonia-s-women-fencers-mostly-make-it-through-to-world-championships-main-draw,Estonia's women fencers mostly make it through to world championships main draw,2026-07-22,2026-07-22_13.42.53
https://news.err.ee/1610083300/horse-rescued-after-getting-head-stuck-between-trees-on-parnu-beach,Horse rescued after getting head stuck between trees on Pärnu beach,2026-07-22,2026-07-22_13.42.53
https://news.err.ee/1610083267/parnu-leaders-clash-puts-coalition-at-risk,Pärnu leaders' clash puts coalition at risk,2026-07-22,2026-07-22_13.42.53
https://news.err.ee/1610083501/expert-ukraine-s-defense-changes-unlikely-to-have-a-direct-impact-on-battlefield,Expert: Ukraine's defense changes unlikely to have a 'direct' impact on battlefield,2026-07-22,2026-07-22_13.42.53
https://news.err.ee/1610083426/eis-uses-6-5-million-communications-budget-to-target-20-countries,EIS uses €6.5 million communications budget to target 20 countries,2026-07-22,2026-07-22_13.42.53
https://news.err.ee/1610083249/county-court-judge-named-suspect-in-biting-assault-on-police-officer,County court judge named suspect in biting assault on police officer,2026-07-22,2026-07-22_13.42.53
https://news.err.ee/1610083243/mezzo-soprano-even-a-leg-in-a-cast-won-t-keep-me-off-the-stage,Mezzo‑soprano: Even a leg in a cast won't keep me off the stage,2026-07-22,2026-07-22_13.42.53
https://news.err.ee/1610083216/levadia-stun-top-swedish-side-ifk-goteborg-in-uefa-conference-league-away-win,Levadia stun top Swedish side IFK Göteborg in UEFA Conference League away win,2026-07-22,2026-07-22_13.42.53
https://news.err.ee/1609996795/gallery-scottish-punk-act-the-exploited-rock-tallinn-s-paavli-kultuurivabrik,Gallery: Scottish punk act The Exploited rock Tallinn's Paavli Kultuurivabrik,2026-07-22,2026-07-22_17.13.47
https://news.err.ee/1610083201/9-drownings-recorded-this-summer-mostly-men-over-50,"9 drownings recorded this summer, mostly men over 50",2026-07-22,2026-07-22_17.13.47
https://news.err.ee/1610083543/ministry-to-begin-offering-10-000-grants-to-young-creators,"Ministry to begin offering €10,000 grants to young creators",2026-07-22,2026-07-22_17.13.47
https://news.err.ee/1610083204/justice-ministry-reviewing-anti-corruption-law-with-private-sector,Justice ministry reviewing anti-corruption law with private sector,2026-07-23,2026-07-23_06.27.53
https://news.err.ee/1610084161/poll-isamaa-s-reinsalu-still-top-choice-for-pm-as-perling-overtakes-michal,Poll: Isamaa's Reinsalu still top choice for PM as Perling overtakes Michal,2026-07-23,2026-07-23_10.17.41
https://news.err.ee/1610083573/reader-s-question-is-it-ok-to-go-running-when-there-s-hot-weather-in-estonia,Reader's question: Is it OK to go running when there's hot weather in Estonia?,2026-07-23,2026-07-23_10.17.41
https://news.err.ee/1610083579/erki-nool-and-finnish-athlete-saga-vanninen-end-coaching-cooperation,Erki Nool and Finnish athlete Saga Vanninen end coaching cooperation,2026-07-23,2026-07-23_10.17.41
https://news.err.ee/1610084158/30-public-figures-nominate-piano-maker-indrek-laul-to-run-as-president,30 public figures nominate piano maker Indrek Laul to run as president,2026-07-23,2026-07-23_10.17.41
https://news.err.ee/1610084149/first-finnish-opera-cruise-brings-nearly-900-fans-to-saaremaa,First Finnish opera cruise brings nearly 900 fans to Saaremaa,2026-07-23,2026-07-23_10.17.41
https://news.err.ee/1610084206/government-ministers-on-vacation,Government ministers on vacation,2026-07-23,2026-07-23_10.17.41
https://news.err.ee/1610084080/financial-strain-driving-more-cat-surrenders-to-shelters,Financial strain driving more cat surrenders to shelters,2026-07-23,2026-07-23_10.17.41
https://news.err.ee/1610084098/politicians-split-over-proposal-to-make-health-insurance-mandatory-for-all,Politicians split over proposal to make health insurance mandatory for all,2026-07-23,2026-07-23_10.17.41
https://news.err.ee/1610084608/who-wants-to-be-estonia-s-next-president,Who wants to be Estonia's next president?,2026-07-23,2026-07-23_13.48.40
https://news.err.ee/1610084782/bank-of-estonia-expert-russia-s-economy-is-approaching-stagnation,Bank of Estonia expert: Russia's economy is approaching stagnation,2026-07-23,2026-07-23_13.48.40
https://news.err.ee/1610084398/critics-claim-anti-russian-messaging-in-estonian-meat-advertisement,Critics claim anti-Russian messaging in Estonian meat advertisement,2026-07-23,2026-07-23_13.48.40
https://news.err.ee/1610084692/presidential-nominee-indrek-laul-i-aim-to-unite-parties-worldviews,"Presidential nominee Indrek Laul: I aim to unite parties, worldviews",2026-07-23,2026-07-23_13.48.40
https://news.err.ee/1610084590/otp-bank-makes-boldest-dreams-in-russia-come-true,OTP Bank makes boldest dreams in Russia come true,2026-07-23,2026-07-23_13.48.40
https://news.err.ee/1610084578/baltics-to-strengthen-joint-energy-reserves-share-emergency-equipment,"Baltics to strengthen joint energy reserves, share emergency equipment",2026-07-23,2026-07-23_13.48.40
https://news.err.ee/1610084779/parnu-defense-industrial-park-litigation-drags-on-due-to-noise-complaints,Pärnu Defense Industrial Park litigation drags on due to noise complaints,2026-07-23,2026-07-23_17.17.40
https://news.err.ee/1610084755/construction-works-in-several-tallinn-schools-are-behind-schedule,Construction works in several Tallinn schools are behind schedule,2026-07-23,2026-07-23_17.17.40
https://news.err.ee/1610084740/paul-aron-to-drive-in-alpine-f1-hungarian-grand-prix-team-practice-session,Paul Aron to drive in Alpine F1 Hungarian Grand Prix team practice session,2026-07-24,2026-07-24_06.23.02
https://news.err.ee/1610085193/viljandi-folk-hopes-festival-will-set-new-attendance-record,Viljandi Folk hopes festival will set new attendance record,2026-07-24,2026-07-24_06.23.02
https://news.err.ee/1610085172/presidential-election-some-parties-expect-a-debate-others-back-justice-chancellor,"Presidential election: Some parties expect a debate, others back justice chancellor",2026-07-24,2026-07-24_06.23.02
https://news.err.ee/1610085523/raul-eamets-only-those-who-learn-to-lead-can-compete-for-good-jobs,Raul Eamets: Only those who learn to lead can compete for good jobs,2026-07-24,2026-07-24_10.13.50
https://news.err.ee/1610085220/advertising-pros-weigh-in-on-controversial-estonian-meat-campaign,Advertising pros weigh in on controversial Estonian meat campaign,2026-07-24,2026-07-24_10.13.50
https://news.err.ee/1610085452/estonia-fails-to-secure-larger-eu-crisis-aid-for-farmers,Estonia fails to secure larger EU crisis aid for farmers,2026-07-24,2026-07-24_10.13.50
https://news.err.ee/1610085203/hospitals-begin-sending-back-patients-with-minor-ailments-after-er-triage,Hospitals begin sending back patients with minor ailments after ER triage,2026-07-24,2026-07-24_10.13.50
https://news.err.ee/1610084698/rein-sikk-i-founded-the-order-of-nonsense-and-there-is-no-shortage-of-candidates,"Rein Sikk: I founded the Order of Nonsense, and there is no shortage of candidates",2026-07-24,2026-07-24_10.13.50
https://news.err.ee/1610085610/estonian-women-s-choir-brings-home-singapore-festival-win,Estonian women's choir brings home Singapore festival win,2026-07-24,2026-07-24_13.28.39
https://news.err.ee/1610085646/australia-simplifies-estonian-driving-license-exchange-process,Australia simplifies Estonian driving license exchange process,2026-07-24,2026-07-24_13.28.39
https://news.err.ee/1610085589/russia-orders-yandex-maps-to-blur-military-and-strategic-sites-near-estonia-s-border,Russia orders Yandex Maps to blur military and strategic sites near Estonia's border,2026-07-24,2026-07-24_13.28.39
https://news.err.ee/1610085619/construction-of-2-2-section-of-tallinn-tartu-highway-begins-in-autumn,Construction of 2+2 section of Tallinn-Tartu highway begins in autumn,2026-07-24,2026-07-24_13.28.39
https://news.err.ee/1610085550/star-estonian-skier-kelly-sildaru-starts-new-chapter-as-ski-coach,Star Estonian skier Kelly Sildaru starts new chapter as ski coach,2026-07-24,2026-07-24_13.28.39
https://news.err.ee/1610085658/32-migrants-arrested-in-estonia-linked-to-latvia-belarus-migration-pressure,32 migrants arrested in Estonia linked to Latvia-Belarus migration pressure,2026-07-24,2026-07-24_13.28.39
https://news.err.ee/1610085209/domestic-violence-cases-on-the-rise-in-estonia-this-year,Domestic violence cases on the rise in Estonia this year,2026-07-24,2026-07-24_13.28.39
https://news.err.ee/1610085871/estonian-citizen-in-us-pleads-guilty-to-procuring-electronics-for-russia,Estonian citizen in US pleads guilty to procuring electronics for Russia,2026-07-24,2026-07-24_15.23.27
https://news.err.ee/1610085751/estonian-family-s-300-animal-hobby-farm-a-labor-of-love,Estonian family's 300-animal hobby farm a labor of love,2026-07-24,2026-07-24_15.23.27
https://news.err.ee/1610085697/defense-intelligence-strikes-on-online-retail-hubs-add-economic-pressure-on-russia,Defense Intelligence: Strikes on online retail hubs add economic pressure on Russia,2026-07-24,2026-07-24_15.23.27
https://news.err.ee/1610085877/tallinn-airport-downplays-impact-if-airbaltic-cuts-routes,Tallinn Airport downplays impact if airBaltic cuts routes,2026-07-24,2026-07-24_15.23.27
https://news.err.ee/1610085718/gallery-textile-designer-turns-estonian-landscapes-into-reversible-rugs,Gallery: Textile designer turns Estonian landscapes into reversible rugs,2026-07-25,2026-07-25_06.13.54
https://news.err.ee/1610086312/katrina-lehis-loses-to-russian-fencer-at-world-championships,Katrina Lehis loses to Russian fencer at world championships,2026-07-25,2026-07-25_09.42.57
https://news.err.ee/1610086291/ministry-bill-will-enhance-consumer-rights-on-warranties-and-repairs,Ministry bill will enhance consumer rights on warranties and repairs,2026-07-25,2026-07-25_09.42.57
https://news.err.ee/1610085874/open-narva-days-offer-peek-into-lesser-known-sides-of-estonian-border-city,Open Narva Days offer peek into lesser-known sides of Estonian border city,2026-07-25,2026-07-25_09.42.57
https://news.err.ee/1610086270/large-number-of-elron-trains-sitting-idle-at-tapa-station,Large number of Elron trains sitting idle at Tapa station,2026-07-25,2026-07-25_09.42.57
https://news.err.ee/1610086249/estonia-and-other-baltic-states-ukraine-slam-ioc-decision-on-russian-athletes,"Estonia and other Baltic states, Ukraine slam IOC decision on Russian athletes",2026-07-25,2026-07-25_09.42.57
https://news.err.ee/1610085775/martin-molder-the-uncomfortable-dream-of-presidential-elections,Martin Mölder: The uncomfortable dream of presidential elections,2026-07-25,2026-07-25_09.42.57
https://news.err.ee/1610086297/paul-aron-19th-in-hungarian-grand-prix-practice-session,Paul Aron 19th in Hungarian Grand Prix practice session,2026-07-25,2026-07-25_11.06.58
https://news.err.ee/1610086300/ministries-oppose-riigikogu-members-special-military-court-bill,Ministries oppose Riigikogu members' special military court bill,2026-07-25,2026-07-25_11.06.58
https://news.err.ee/1610086393/gallery-british-artist-s-debut-estonian-exhibition-opens-at-erm,Gallery: British artist's debut Estonian exhibition opens at ERM,2026-07-25,2026-07-25_13.16.50
https://news.err.ee/1610086363/tallinn-looking-for-developer-for-20-million-olympic-sized-pool-project,Tallinn looking for developer for €20 million Olympic-sized pool project,2026-07-25,2026-07-25_13.16.50
https://news.err.ee/1610086414/ministry-of-defense-opposed-to-restoring-special-pensions-for-edf-personnel,Ministry of Defense opposed to restoring special pensions for EDF personnel,2026-07-26,2026-07-26_06.33.05
https://news.err.ee/1610086798/kihnu-vormsi-ferries-go-on-strike-over-pay-conditions,"Kihnu, Vormsi ferries go on strike over pay conditions",2026-07-26,2026-07-26_09.55.40
https://news.err.ee/1610086777/skeptics-doubt-funding-for-narva-old-town-rebuild,Skeptics doubt funding for Narva Old Town rebuild,2026-07-26,2026-07-26_09.55.40
https://news.err.ee/1610086417/bear-cubs-frolic-in-estonian-farmyard-right-in-front-of-people,"Bear cubs frolic in Estonian farmyard, right in front of people",2026-07-26,2026-07-26_09.55.40
https://news.err.ee/1610086753/gallery-9-000-enjoy-second-day-of-viljandi-folk-music-festival,"Gallery: 9,000 enjoy second day of Viljandi Folk Music Festival",2026-07-26,2026-07-26_09.55.40
https://news.err.ee/1610086741/border-authorities-apprehend-illegal-migrants-in-estonia-for-4th-day-in-a-row,Border authorities apprehend illegal migrants in Estonia for 4th day in a row,2026-07-26,2026-07-26_09.55.40
https://news.err.ee/1610086840/katri-raik-ousted-as-mayor-of-narva-following-no-confidence-vote,Katri Raik ousted as Mayor of Narva following no-confidence vote,2026-07-26,2026-07-26_13.11.55
https://news.err.ee/1610086780/hundreds-mark-battle-of-tannenberg-line-82nd-anniversary-in-estonia,Hundreds mark Battle of Tannenberg Line 82nd anniversary in Estonia,2026-07-26,2026-07-26_13.11.55
https://news.err.ee/1610086822/estonian-golfer-kristella-sikk-crowned-european-u16-champion,Estonian golfer Kristella Sikk crowned European U16 champion,2026-07-26,2026-07-26_15.02.12
https://news.err.ee/1610087180/alternative-service-capped-at-70-people-a-year-due-to-funding-limits,Alternative service capped at 70 people a year due to funding limits,2026-07-27,2026-07-27_07.00.01
https://news.err.ee/1610087152/former-tallinn-mayor-unhappy-with-olympic-swimming-pool-planning-process,Former Tallinn mayor unhappy with Olympic swimming pool planning process,2026-07-27,2026-07-27_07.00.01
https://news.err.ee/1610087323/tartuff-to-show-21-films-and-shorts-at-extended-film-festival,Tartuff to show 21 films and shorts at extended film festival,2026-07-27,2026-07-27_11.16.26
https://news.err.ee/1610087470/social-minister-urges-hospital-er-to-raise-tick-removal-fee-to-90,Social minister urges hospital ER to raise tick‑removal fee to €90,2026-07-27,2026-07-27_11.16.26
https://news.err.ee/1610087410/reform-party-rises-to-match-ekre-and-social-democrats-in-july-poll,Reform Party rises to match EKRE and Social Democrats in July poll,2026-07-27,2026-07-27_11.16.26
https://news.err.ee/1610087350/riina-solman-the-state-should-not-profit-off-people-through-health-insurance,Riina Solman: The state should not profit off people through health insurance,2026-07-27,2026-07-27_11.16.26
https://news.err.ee/1610087296/estonian-footballer-turned-teacher-devotes-summers-to-backyard-pizza-joint,Estonian footballer-turned-teacher devotes summers to backyard pizza joint,2026-07-27,2026-07-27_11.16.26
https://news.err.ee/1610087170/estonia-s-12th-open-farm-days-bring-visitors-to-more-than-300-farms,Estonia's 12th Open Farm Days bring visitors to more than 300 farms,2026-07-27,2026-07-27_11.16.26
https://news.err.ee/1610087254/jaak-madison-estonia-should-aim-to-stop-the-ets,Jaak Madison: Estonia should aim to stop the ETS,2026-07-27,2026-07-27_11.16.26
https://news.err.ee/1610087137/gallery-puuluup-thrills-the-crowds-at-viljandi-folk-festival,Gallery: Puuluup thrills the crowds at Viljandi Folk Festival,2026-07-27,2026-07-27_11.16.26
https://news.err.ee/1610087584/conservationist-highlights-estonia-s-most-beautiful-bogs,Conservationist highlights Estonia's most beautiful bogs,2026-07-27,2026-07-27_14.24.42
https://news.err.ee/1610087578/household-loans-in-estonia-exceed-16-billion-as-borrowing-picks-up,Household loans in Estonia exceed €16 billion as borrowing picks up,2026-07-27,2026-07-27_14.24.42
https://news.err.ee/1610087650/ministry-does-not-support-bill-allowing-allied-citizens-in-estonia-s-defense,Ministry does not support bill allowing allied citizens in Estonia's defense,2026-07-27,2026-07-27_14.24.42
https://news.err.ee/1610087524/estonian-government-rejects-plan-to-restrict-officials-private-sector-moves,Estonian government rejects plan to restrict officials' private sector moves,2026-07-27,2026-07-27_14.24.42
https://news.err.ee/1610087542/gallery-vanemuine-s-16th-summer-concert-took-place-in-tartu,Gallery: Vanemuine's 16th summer concert took place in Tartu,2026-07-27,2026-07-27_14.24.42
https://news.err.ee/1610087443/estonia-to-see-partial-solar-eclipse-on-august-12,Estonia to see partial solar eclipse on August 12,2026-07-27,2026-07-27_14.24.42
https://news.err.ee/1610088049/estonia-in-no-hurry-to-restrict-gambling-adverts,Estonia in no hurry to restrict gambling adverts,2026-07-28,2026-07-28_06.23.25
https://news.err.ee/1610085739/every-learner-feels-special-meet-the-influencers-teaching-estonian-on-social-media,'Every learner feels special:' Meet the influencers teaching Estonian on social media,2026-07-28,2026-07-28_06.23.25
https://news.err.ee/1610088034/experts-do-not-foresee-an-oil-and-natural-gas-crisis-for-estonia,Experts do not foresee an oil and natural gas crisis for Estonia,2026-07-28,2026-07-28_06.23.25
https://news.err.ee/1610087587/estonian-youth-film-morten-wins-3-awards-in-italy,Estonian youth film 'Morten' wins 3 awards in Italy,2026-07-28,2026-07-28_06.23.25
https://news.err.ee/1610088136/setomaa-farm-museum-seeking-seto-names-for-three-lambs,Setomaa farm museum seeking Seto names for three lambs,2026-07-28,2026-07-28_10.31.10
https://news.err.ee/1610088283/estonian-women-s-p-e-team-through-to-world-championships-final,Estonian women's épée team through to World Championships final,2026-07-28,2026-07-28_10.31.10
https://news.err.ee/1610088169/study-underground-loan-business-survives-through-fear-of-public-shaming,Study: Underground loan business survives through fear of public shaming,2026-07-28,2026-07-28_10.31.10
https://news.err.ee/1610088178/ulle-madise-presidential-candidacy-hinging-on-center-isamaa,"Ülle Madise presidential candidacy hinging on Center, Isamaa",2026-07-28,2026-07-28_10.31.10
https://news.err.ee/1610088166/analyst-isamaa-s-support-is-high-because-there-is-no-credible-alternative,Analyst: Isamaa's support is high because there is no credible alternative,2026-07-28,2026-07-28_10.31.10
https://news.err.ee/1610088079/estonia-moves-to-keep-russia-border-checkpoints-closed-overnight,Estonia moves to keep Russia border checkpoints closed overnight,2026-07-28,2026-07-28_10.31.10
https://news.err.ee/1610088115/former-edf-chief-european-army-officers-were-like-cartoon-characters-before-ukraine-war,Former EDF chief: European army officers were like cartoon characters before Ukraine war,2026-07-28,2026-07-28_10.31.10
https://news.err.ee/1610088106/tallinn-s-nevsky-cathedral-may-be-sold-demolished-or-made-into-a-museum,"Tallinn's Nevsky Cathedral may be sold, demolished or made into a museum",2026-07-28,2026-07-28_10.31.10
https://news.err.ee/1610087617/bear-sightings-on-saaremaa-spark-excitement-as-large-animal-roams-island,Bear sightings on Saaremaa spark excitement as large animal roams island,2026-07-28,2026-07-28_10.31.10
https://news.err.ee/1610088289/prosecutor-s-office-puts-money-from-conditionally-terminated-cases-into-a-lottery-pool,Prosecutor's Office puts money from conditionally terminated cases into a lottery pool,2026-07-28,2026-07-28_13.56.21
https://news.err.ee/1610088374/estonian-schools-struggle-to-fill-math-and-primary-class-teaching-jobs,Estonian schools struggle to fill math and primary‑class teaching jobs,2026-07-28,2026-07-28_13.56.21
https://news.err.ee/1610088247/infrastructure-in-estonia-surges-while-apartment-construction-falters,Infrastructure in Estonia surges while apartment construction falters,2026-07-28,2026-07-28_13.56.21
https://news.err.ee/1610088253/ida-viru-county-seeks-tourism-rebrand-beyond-soviet-era-ghost-town-image,Ida-Viru County seeks tourism rebrand beyond Soviet-era 'ghost town' image,2026-07-28,2026-07-28_13.56.21
https://news.err.ee/1610088362/new-ambassador-to-the-us-i-m-ready-to-run-in-presidential-elections,New ambassador to the US: I'm ready to run in presidential elections,2026-07-28,2026-07-28_13.56.21
https://news.err.ee/1610088148/hiiumaa-and-saaremaa-residents-can-soon-travel-with-discounted-tickets,Hiiumaa and Saaremaa residents can soon travel with discounted tickets,2026-07-28,2026-07-28_13.56.21
https://news.err.ee/1610088196/one-killed-in-poltsamaa-road-traffic-collision-involving-truck,One killed in Põltsamaa road traffic collision involving truck,2026-07-28,2026-07-28_13.56.21
https://news.err.ee/1610088193/estonia-launches-5-million-eesti-ai-training-procurement,Estonia launches €5 million Eesti.ai training procurement,2026-07-28,2026-07-28_13.56.21
https://news.err.ee/1610088136/setomaa-farm-museum-seeking-seto-names-for-3-lambs,Setomaa farm museum seeking Seto names for 3 lambs,2026-07-28,2026-07-28_13.56.21
https://news.err.ee/1608377108/rare-rat-king-taken-to-university-of-tartu-natural-history-museum,Rare 'rat king' taken to University of Tartu Natural History Museum,2026-07-28,2026-07-28_13.56.21
https://news.err.ee/1610088283/estonian-women-s-p-e-team-narrowly-miss-world-title-take-silver,"Estonian women's épée team narrowly miss world title, take silver",2026-07-28,2026-07-28_16.04.54
https://news.err.ee/1610088392/photos-demolition-begins-at-tallinn-s-eesti-naitused-expo-center,Photos: Demolition begins at Tallinn's Eesti Näitused expo center,2026-07-28,2026-07-28_16.04.54
https://news.err.ee/1610088232/estonian-firefighters-to-help-put-out-wildfires-in-italy,Estonian firefighters to help put out wildfires in Italy,2026-07-28,2026-07-28_16.04.54
https://news.err.ee/1610088877/estonia-s-first-remotely-operated-taxi-crash-raises-accountability-questions,Estonia's first remotely operated taxi crash raises accountability questions,2026-07-29,2026-07-29_06.28.19
https://news.err.ee/1610088383/saaremaa-opera-days-attendance-jumps-55-on-year,Saaremaa Opera Days attendance jumps 55% on year,2026-07-29,2026-07-29_06.28.19
https://news.err.ee/1610088280/triink-talk-how-to-save-tallinn-s-old-town-from-the-rats,Triink Talk: How to save Tallinn's Old Town from the rats,2026-07-29,2026-07-29_06.28.19
https://news.err.ee/1610088859/entrepreneurs-investing-millions-in-estonia-s-largest-data-center,Entrepreneurs investing millions in Estonia's largest data center,2026-07-29,2026-07-29_06.28.19
https://news.err.ee/1610089063/estonia-s-women-s-p-e-team-climb-to-number-4-in-the-world,Estonia's women's épée team climb to number 4 in the world,2026-07-29,2026-07-29_10.35.31
https://news.err.ee/1610088967/advertising-agencies-ai-overuse-erodes-a-company-s-credibility,Advertising agencies: AI overuse erodes a company's credibility,2026-07-29,2026-07-29_10.35.31
https://news.err.ee/1610088988/new-nature-focused-spa-hotel-opens-on-lake-peipus-in-ida-viru-county,New nature-focused spa hotel opens on Lake Peipus in Ida-Viru County,2026-07-29,2026-07-29_10.35.31
https://news.err.ee/1610088922/minister-estonia-sends-extra-border-guards-to-latvia-as-belarus-drives-migrant-surge,Minister: Estonia sends extra border guards to Latvia as Belarus drives migrant surge,2026-07-29,2026-07-29_10.35.31
https://news.err.ee/1610088973/state-considers-replacing-bankruptcy-trustees-with-civil-servants,State considers replacing bankruptcy trustees with civil servants,2026-07-29,2026-07-29_10.35.31
https://news.err.ee/1610088446/tartu-buzz-2-week-festival-starts-saturday,'Tartu Buzz' 2-week festival starts Saturday,2026-07-29,2026-07-29_10.35.31
https://news.err.ee/1610088919/parties-not-hurrying-to-back-diplomat-s-presidential-bid,Parties not hurrying to back diplomat's presidential bid,2026-07-29,2026-07-29_10.35.31
https://news.err.ee/1610088416/remo-kirss-the-state-must-invest-in-all-connections,Remo Kirss: The state must invest in all connections,2026-07-29,2026-07-29_10.35.31
https://news.err.ee/1610098003/1790-naval-battle-of-tallinn-monument-to-be-relocated-to-aegna-island,1790 naval battle of Tallinn monument to be relocated to Aegna Island,2026-07-29,2026-07-29_14.01.32
https://news.err.ee/1610097988/eu-official-enters-presidential-race-with-a-focus-on-the-economy,"EU official enters presidential race, with a focus on the economy",2026-07-29,2026-07-29_14.01.32
https://news.err.ee/1610089204/gallery-rare-medieval-rings-coins-and-other-artifacts-uncovered-at-siuru-dig-site,"Gallery: Rare medieval rings, coins and other artifacts uncovered at Siuru dig site",2026-07-29,2026-07-29_14.01.32
https://news.err.ee/1610089090/study-obesity-and-weight-issues-cost-estonia-over-120-million-a-year,Study: Obesity and weight issues cost Estonia over €120 million a year,2026-07-29,2026-07-29_14.01.32
https://news.err.ee/1610089042/new-narva-mayor-there-really-are-many-problems-that-need-immediate-action,New Narva mayor: There really are many problems that need immediate action,2026-07-29,2026-07-29_14.01.32
https://news.err.ee/1610098030/anton-aleksejev-a-conflict-between-two-strategies-in-ukraine,Anton Aleksejev: A conflict between two strategies in Ukraine,2026-07-29,2026-07-29_17.12.16
https://news.err.ee/1610088280/triin-talk-how-to-save-tallinn-s-old-town-from-the-rats,Triin Talk: How to save Tallinn's Old Town from the rats,2026-07-29,2026-07-29_17.12.16
https://news.err.ee/1610098036/tallinn-zoo-s-chimps-and-elephants-open-exhibition-of-their-drawings-and-paintings,Tallinn Zoo's chimps and elephants 'open' exhibition of their drawings and paintings,2026-07-30,2026-07-30_06.24.19
https://news.err.ee/1610098444/gdp-flash-estimate-economy-grew-by-2-1-in-q2-2026,GDP flash estimate: Economy grew by 2.1% in Q2 2026,2026-07-30,2026-07-30_06.24.19
https://news.err.ee/1610098393/63-migrants-from-belarus-caught-in-estonia-last-week-and-more-expected-ppa-says,"63 migrants from Belarus caught in Estonia last week and more expected, PPA says",2026-07-30,2026-07-30_06.24.19
https://news.err.ee/1610098039/gallery-new-tallinn-viaduct-mural-taking-shape,Gallery: New Tallinn viaduct mural taking shape,2026-07-30,2026-07-30_06.24.19
https://news.err.ee/1610098564/full-restoration-not-planned-for-tartu-cathedral,Full restoration not planned for Tartu Cathedral,2026-07-30,2026-07-30_10.21.55
https://news.err.ee/1610098558/state-cuts-leave-disability-and-patient-groups-facing-shrinking-funds,State cuts leave disability and patient groups facing shrinking funds,2026-07-30,2026-07-30_10.21.55
https://news.err.ee/1610098468/tallinn-ministry-divided-on-school-international-baccalaureate-admissions,"Tallinn, ministry divided on school International Baccalaureate admissions",2026-07-30,2026-07-30_10.21.55
https://news.err.ee/1610098534/minor-spectator-incidents-mostly-involving-foreigners-fail-to-mar-rally-estonia,Minor spectator incidents mostly involving foreigners fail to mar Rally Estonia,2026-07-30,2026-07-30_10.21.55
https://news.err.ee/1610098513/estonia-s-plan-to-tighten-nicotine-rules-sparks-black-market-concerns,Estonia's plan to tighten nicotine rules sparks black‑market concerns,2026-07-30,2026-07-30_10.21.55
https://news.err.ee/1610098465/food-plant-turns-to-imports-as-weak-cucumber-harvest-slows-production,Food plant turns to imports as weak cucumber harvest slows production,2026-07-30,2026-07-30_10.21.55
https://news.err.ee/1610098858/michal-no-new-candidates-reform-backs-ulle-madise-for-president,"Michal: No new candidates, Reform backs Ülle Madise for president",2026-07-30,2026-07-30_13.50.27
https://news.err.ee/1610098696/estonian-conscripts-allowed-to-grow-beards-but-stubble-still-off-limits,"Estonian conscripts allowed to grow beards, but stubble still off‑limits",2026-07-30,2026-07-30_13.50.27
https://news.err.ee/1610098654/bronze-soldier-night-proved-estonia-is-a-sovereign-nation-says-former-pm,"'Bronze Soldier' Night proved Estonia is a sovereign nation, says former PM",2026-07-30,2026-07-30_13.50.27
https://news.err.ee/1610098843/major-police-operation-in-tallinn-targets-illegal-migrants,Major police operation in Tallinn targets illegal migrants,2026-07-30,2026-07-30_13.50.27
https://news.err.ee/1610098771/tram-to-tallinn-airport-reopens-in-august,Tram to Tallinn Airport reopens in August,2026-07-30,2026-07-30_13.50.27
https://news.err.ee/1610098621/report-says-estonia-s-working-life-could-stretch-to-45-years-as-lifespans-rise,Report says Estonia's working life could stretch to 45 years as lifespans rise,2026-07-30,2026-07-30_13.50.27
https://news.err.ee/1610098774/turkish-airlines-entry-into-russian-airspace-was-a-one-off-weather-related-decision,Turkish Airlines: Entry into Russian airspace was a one‑off weather-related decision,2026-07-30,2026-07-30_13.50.27
https://news.err.ee/1610098543/powerful-el-ni-o-s-ripple-effects-could-eventually-reach-estonia,Powerful El Niño's ripple effects could eventually reach Estonia,2026-07-30,2026-07-30_13.50.27
https://news.err.ee/1610098597/police-find-3-000-in-cash-in-pockets-of-suspected-money-mule,"Police find €3,000 in cash in pockets of suspected money mule",2026-07-30,2026-07-30_13.50.27
https://news.err.ee/1610098663/estonia-s-first-professional-golf-tournament-tees-off,Estonia's first professional golf tournament tees off,2026-07-30,2026-07-30_15.49.59
https://news.err.ee/1610098777/top-decathlete-janek-oiglane-retires-becomes-coach,"Top decathlete Janek Õiglane retires, becomes coach",2026-07-30,2026-07-30_15.49.59
https://news.err.ee/1610098759/estonian-composer-ingmar-kiviloo-graduating-from-boston-to-toronto,Estonian composer Ingmar Kiviloo graduating from Boston to Toronto,2026-07-31,2026-07-31_06.41.00
https://news.err.ee/1610098828/state-expects-tallinn-airport-to-attract-new-airlines-reach-60-routes-by-2030,"State expects Tallinn airport to attract new airlines, reach 60 routes by 2030",2026-07-31,2026-07-31_06.41.00
https://news.err.ee/1610099506/estonia-still-waiting-for-latvia-s-official-position-on-rail-baltica-s-future,Estonia still waiting for Latvia's official position on Rail Baltica's future,2026-07-31,2026-07-31_06.41.00
https://news.err.ee/1610099674/turnover-volume-of-grocery-stores-up-in-june-after-long-decline,Turnover volume of grocery stores up in June after long decline,2026-07-31,2026-07-31_10.35.43
https://news.err.ee/1610099665/entomologist-says-horseflies-are-having-a-good-year-in-estonia,Entomologist says horseflies are having a good year in Estonia,2026-07-31,2026-07-31_10.35.43
https://news.err.ee/1610099632/major-estonian-developers-report-losses-amid-slow-market-recovery,Major Estonian developers report losses amid slow market recovery,2026-07-31,2026-07-31_10.35.43
https://news.err.ee/1610099752/rampaging-swedish-football-fans-vandalize-tallinn-s-lillekula-stadium,Rampaging Swedish football fans vandalize Tallinn's Lilleküla Stadium,2026-07-31,2026-07-31_10.35.43
https://news.err.ee/1610099593/riigikogu-council-of-elders-to-discuss-presidential-election-in-early-august,Riigikogu Council of Elders to discuss presidential election in early August,2026-07-31,2026-07-31_10.35.43
https://news.err.ee/1610099680/flora-go-through-in-uefa-conference-league-levadia-out,"Flora go through in UEFA Conference League, Levadia out",2026-07-31,2026-07-31_10.35.43
https://news.err.ee/1610098867/linda-lees-and-robert-pappel-passing-an-effective-climate-act-cannot-wait,Linda Lees and Robert Pappel: Passing an effective Climate Act cannot wait,2026-07-31,2026-07-31_10.35.43
https://news.err.ee/1610098882/rannarootsi-ad-stirs-controversy-but-sales-remain-unchanged-so-far,"Rannarootsi ad stirs controversy, but sales remain unchanged so far",2026-07-31,2026-07-31_10.35.43
https://news.err.ee/1610099629/flash-estimate-july-s-inflation-was-0-5,Flash estimate: July's inflation was 0.5%,2026-07-31,2026-07-31_10.35.43
https://news.err.ee/1610099929/finland-to-assist-estonia-with-catching-migrants-interior-minister-says,"Finland to assist Estonia with catching migrants, interior minister says",2026-07-31,2026-07-31_13.56.00
https://news.err.ee/1610099920/kuressaare-begins-chlorinating-water-after-e-coli-found-in-routine-tests,Kuressaare begins chlorinating water after E. coli found in routine tests,2026-07-31,2026-07-31_13.56.00
https://news.err.ee/1610099740/tech-firm-nebius-hiring-push-fuels-speculation-over-estonia-data-center-plans,Tech firm Nebius hiring push fuels speculation over Estonia data center plans,2026-07-31,2026-07-31_13.56.00
https://news.err.ee/1610099713/estonian-fa-boss-on-fifa-privatization-plan-the-sport-should-be-for-football-people,Estonian FA boss on FIFA privatization plan: The sport should be for football people,2026-07-31,2026-07-31_13.56.00
https://news.err.ee/1610099842/edf-intel-shipping-from-ukraine-s-ports-halted-after-russian-attacks,EDF intel: Shipping from Ukraine's ports halted after Russian attacks,2026-07-31,2026-07-31_13.56.00
https://news.err.ee/1610099698/narva-joesuu-begins-demolition-of-local-ghost-town,Narva‑Jõesuu begins demolition of local ghost town,2026-07-31,2026-07-31_13.56.00
https://news.err.ee/1610099932/bear-cub-encounters-near-homes-prompt-safety-warning-from-experts,Bear cub encounters near homes prompt safety warning from experts,2026-07-31,2026-07-31_16.00.52
https://news.err.ee/1610099929/finland-to-work-with-estonia-to-stop-migrants-interior-minister-says,"Finland to work with Estonia to stop migrants, interior minister says",2026-07-31,2026-07-31_16.00.52
https://news.err.ee/1610100322/turkish-air-force-takes-over-nato-s-newly-upgraded-baltic-air-defense-mission-in-estonia,Turkish Air Force takes over NATO's newly upgraded Baltic air defense mission in Estonia,2026-08-01,2026-08-01_06.25.31
https://news.err.ee/1610099890/raul-meel-s-anniversary-exhibition-on-display-at-the-poco-ajamaja-gallery,Raul Meel's anniversary exhibition on display at the Poco Ajamaja gallery,2026-08-01,2026-08-01_09.55.26
https://news.err.ee/1610099956/temporary-basketball-courts-open-in-august-on-tallinn-s-freedom-square,Temporary basketball courts open in August on Tallinn's Freedom Square,2026-08-01,2026-08-01_09.55.26
https://news.err.ee/1610100346/ppa-nomme-migrant-case-is-not-an-isolated-incident,PPA: Nõmme migrant case is not an isolated incident,2026-08-01,2026-08-01_09.55.26
https://news.err.ee/1610099953/aimar-ventsel-in-moldova-kazakhstan-and-georgia-russia-is-one-of-us,"Aimar Ventsel: In Moldova, Kazakhstan and Georgia, Russia is 'one of us'",2026-08-01,2026-08-01_09.55.26
https://news.err.ee/1610100430/schengen-area-must-be-preserved-says-estonia-s-pm,"Schengen Area must be preserved, says Estonia's PM",2026-08-01,2026-08-01_11.14.05
https://news.err.ee/1610100415/police-will-not-control-queue-place-buying-at-narva-border,Police will not control queue 'place buying' at Narva border,2026-08-01,2026-08-01_11.14.05
https://news.err.ee/1610100388/teachers-ngo-call-for-more-emphasis-on-global-education-in-school-curricula,"Teachers, NGO call for more emphasis on global education in school curricula",2026-08-01,2026-08-01_11.14.05
https://news.err.ee/1610100799/center-party-leader-backs-temporary-border-controls-over-migration-concerns,Center Party leader backs temporary border controls over migration concerns,2026-08-02,2026-08-02_09.53.01
https://news.err.ee/1610100778/gallery-setos-elect-new-leader-at-one-day-seto-kingdom,Gallery: Setos elect new leader at one-day Seto Kingdom,2026-08-02,2026-08-02_09.53.01
https://news.err.ee/1610100766/warning-signs-now-required-before-mobile-speed-cameras-in-estonia,Warning signs now required before mobile speed cameras in Estonia,2026-08-02,2026-08-02_09.53.01
https://news.err.ee/1610100853/travel-insurance-may-not-cover-canceled-concerts-abroad,Travel insurance may not cover canceled concerts abroad,2026-08-02,2026-08-02_13.12.24
https://news.err.ee/1610100835/estonian-island-hosts-dozens-of-pop-up-cafes-in-annual-summer-tradition,Estonian island hosts dozens of pop-up cafes in annual summer tradition,2026-08-02,2026-08-02_13.12.24
https://news.err.ee/1610100877/new-riga-rail-link-boosts-elron-s-baltic-passenger-numbers,New Riga rail link boosts Elron's Baltic passenger numbers,2026-08-02,2026-08-02_14.59.20
https://news.err.ee/1610101291/deputy-police-chief-on-migration-pressure-no-cause-for-panic-in-estonia,Deputy police chief on migration pressure: No cause for panic in Estonia,2026-08-03,2026-08-03_06.56.25
https://news.err.ee/1610101232/freight-trains-to-carry-800-000-tonnes-of-waste-rock-for-rail-baltica-build,"Freight trains to carry 800,000 tonnes of waste rock for Rail Baltica build",2026-08-03,2026-08-03_06.56.25
https://news.err.ee/1610101219/hunting-bear-now-requires-a-special-permit-from-the-environmental-board,Hunting bear now requires a special permit from the Environmental Board,2026-08-03,2026-08-03_06.56.25
https://news.err.ee/1610101211/estonia-sees-8-increase-in-foreign-tourist-stays-early-in-2026,Estonia sees 8% increase in foreign tourist stays early in 2026,2026-08-03,2026-08-03_06.56.25
https://news.err.ee/1610101519/11-year-old-boy-dies-after-e-scooter-crash-in-harju-county,11-year-old boy dies after e-scooter crash in Harju County,2026-08-03,2026-08-03_11.18.42
https://news.err.ee/1610101504/marina-kasparovitch-alexander-nevsky-cathedral-as-our-shared-history,Marina Kasparovitch: Alexander Nevsky Cathedral as our shared history,2026-08-03,2026-08-03_11.18.42
https://news.err.ee/1610101297/estonian-youth-ensembles-earn-top-honors-in-european-competitions,Estonian youth ensembles earn top honors in European competitions,2026-08-03,2026-08-03_11.18.42
https://news.err.ee/1610101342/madis-ernits-conflict-of-interest-in-justice-chancellor-presidential-bid,Madis Ernits: Conflict of interest in justice chancellor presidential bid?,2026-08-03,2026-08-03_11.18.42
https://news.err.ee/1610101322/humvee-purchased-in-canada-by-estonian-volunteers-bound-for-ukraine-s-front-lines,Humvee purchased in Canada by Estonian volunteers bound for Ukraine's front lines,2026-08-03,2026-08-03_11.18.42
https://news.err.ee/1610101408/estonia-joins-eu-leaders-urging-spain-action-after-ceuta-migrant-surge,Estonia joins EU leaders urging Spain action after Ceuta migrant surge,2026-08-03,2026-08-03_11.18.42
https://news.err.ee/1610101309/new-opinion-festival-head-debate-culture-must-be-nurtured-year-round,New Opinion Festival head: Debate culture must be nurtured year-round,2026-08-03,2026-08-03_11.18.42
https://news.err.ee/1610101243/estonia-not-planning-to-slash-vat-on-festival-and-concert-tickets,Estonia not planning to slash VAT on festival and concert tickets,2026-08-03,2026-08-03_11.18.42
https://news.err.ee/1610101244/nearly-30-000-people-visited-hiiumaa-s-lighthouses-last-year,"Nearly 30,000 people visited Hiiumaa's lighthouses last year",2026-08-03,2026-08-03_11.18.42
https://news.err.ee/1610101252/estonia-s-robert-virves-continues-to-top-wrc2-table-after-winning-in-finland,Estonia's Robert Virves continues to top WRC2 table after winning in Finland,2026-08-03,2026-08-03_11.18.42
https://news.err.ee/1610101508/french-newspaper-ranks-estonian-intelligence-eighth-in-europe,French newspaper ranks Estonian intelligence eighth in Europe,2026-08-03,2026-08-03_14.30.46
https://news.err.ee/1610101454/survey-estonian-residents-prefer-compromise-if-the-us-and-eu-are-at-odds,Survey: Estonian residents prefer compromise if the US and EU are at odds,2026-08-03,2026-08-03_14.30.46
https://news.err.ee/1610101423/tartu-junk-playground-for-kids-reopens-for-august,Tartu junk playground for kids reopens for August,2026-08-03,2026-08-03_14.30.46
https://news.err.ee/1610101444/kevin-saar-becomes-estonia-s-first-motorcycling-world-championship-title-winner,Kevin Saar becomes Estonia's first motorcycling world championship title winner,2026-08-03,2026-08-03_14.30.46
https://news.err.ee/1610101481/veteran-photojournalist-some-photos-gain-deeper-meaning-as-time-passes,Veteran photojournalist: Some photos gain deeper meaning as time passes,2026-08-03,2026-08-03_14.30.46
https://news.err.ee/1610099593/riigikogu-council-of-elders-to-discuss-presidential-election-on-august-11,Riigikogu Council of Elders to discuss presidential election on August 11,2026-08-03,2026-08-03_14.30.46
https://news.err.ee/1610101397/ivar-vark-before-buying-new-helicopters-we-should-consider-what-we-need-them-for,"Ivar Värk: Before buying new helicopters, we should consider what we need them for",2026-08-03,2026-08-03_14.30.46
https://news.err.ee/1610101385/taltech-nanodiamonds-may-help-antidotes-for-nerve-agents-reach-the-brain,TalTech: Nanodiamonds may help antidotes for nerve agents reach the brain,2026-08-03,2026-08-03_14.30.46
https://news.err.ee/1610101354/musician-ruslan-trochynskyi-recovering-from-two-tick-borne-illnesses,Musician Ruslan Trochynskyi recovering from two tick-borne illnesses,2026-08-03,2026-08-03_14.30.46
https://news.err.ee/1610101675/fugitive-suspect-in-estonian-criminal-case-caught-at-latvian-russian-border,Fugitive suspect in Estonian criminal case caught at Latvian-Russian border,2026-08-03,2026-08-03_17.48.08
https://news.err.ee/1610101558/estonian-ambassador-israel-far-more-complex-than-outsiders-realize,Estonian ambassador: Israel far more complex than outsiders realize,2026-08-03,2026-08-03_17.48.08
https://news.err.ee/1610101232/freight-trains-to-carry-800-000-tonnes-of-limestone-for-rail-baltica-build,"Freight trains to carry 800,000 tonnes of limestone for Rail Baltica build",2026-08-03,2026-08-03_19.25.54
https://news.err.ee/1610102092/estonia-sends-third-ppa-unit-to-tackle-migration-on-latvia-belarus-border,Estonia sends third PPA unit to tackle migration on Latvia-Belarus border,2026-08-04,2026-08-04_06.24.33
https://news.err.ee/1610102056/nato-ambassador-putin-does-not-see-his-military-options-as-having-run-out,NATO ambassador: Putin does not see his military options as having run out,2026-08-04,2026-08-04_06.24.33
https://news.err.ee/1610101555/younger-estonian-farmers-more-willing-to-take-risks,Younger Estonian farmers more willing to take risks,2026-08-04,2026-08-04_06.24.33
https://news.err.ee/1610101660/estonia-lowers-major-investment-support-threshold-by-30-million,Estonia lowers major investment support threshold by €30 million,2026-08-04,2026-08-04_06.24.33
https://news.err.ee/1610102026/reform-madise-willing-to-run-for-president-if-she-has-enough-support,Reform: Madise willing to run for president if she has enough support,2026-08-04,2026-08-04_06.24.33
https://news.err.ee/1610101507/gallery-finland-s-bad-to-the-boner-brings-comic-world-to-tartu-gallery,Gallery: Finland's Bad to the Boner brings comic world to Tartu gallery,2026-08-04,2026-08-04_10.34.24
https://news.err.ee/1610102101/swedish-football-fans-leave-up-to-30-000-in-damage-at-tallinn-stadium,"Swedish football fans leave up to €30,000 in damage at Tallinn Stadium",2026-08-04,2026-08-04_10.34.24
https://news.err.ee/1610102134/fewer-people-in-need-of-food-aid-in-estonia,Fewer people in need of food aid in Estonia,2026-08-04,2026-08-04_10.34.24
https://news.err.ee/1610102152/most-online-casinos-in-estonia-enjoyed-bonanza-year-in-2025,Most online casinos in Estonia enjoyed bonanza year in 2025,2026-08-04,2026-08-04_10.34.24
https://news.err.ee/1610102185/tallinn-s-beloved-old-thomas-symbol-takes-center-stage-in-soru-museum-exhibit,Tallinn's beloved Old Thomas symbol takes center stage in Sõru Museum exhibit,2026-08-04,2026-08-04_10.34.24
https://news.err.ee/1610102221/estonia-s-new-ambassadors-take-up-their-posts,Estonia's new ambassadors take up their posts,2026-08-04,2026-08-04_10.34.24
https://news.err.ee/1610101642/estonia-ramps-up-defenses-against-invasive-pests-as-warming-climate-hikes-risks,Estonia ramps up defenses against invasive pests as warming climate hikes risks,2026-08-04,2026-08-04_10.34.24
https://news.err.ee/1610102095/tallinn-weighs-extending-late-night-public-transport-hours-to-airport,Tallinn weighs extending late-night public transport hours to airport,2026-08-04,2026-08-04_10.34.24
https://news.err.ee/1610101615/gallery-estonian-exhibition-takes-new-look-at-machines-in-soviet-era-art,Gallery: Estonian exhibition takes new look at machines in Soviet-era art,2026-08-04,2026-08-04_10.34.24
https://news.err.ee/1610102143/peeter-kaldre-a-new-axis-of-evil,Peeter Kaldre: A new axis of evil,2026-08-04,2026-08-04_10.34.24
https://news.err.ee/1610102314/estonian-experts-downplay-fears-of-wider-migration-after-ceuta-incident,Estonian experts downplay fears of wider migration after Ceuta incident,2026-08-04,2026-08-04_14.01.55
https://news.err.ee/1610102482/eight-men-claiming-to-be-from-ethiopia-detained-in-central-tallinn,Eight men claiming to be from Ethiopia detained in central Tallinn,2026-08-04,2026-08-04_14.01.55
https://news.err.ee/1610102419/estonia-s-july-electricity-costs-up-20-from-last-year,Estonia's July electricity costs up 20% from last year,2026-08-04,2026-08-04_14.01.55
https://news.err.ee/1610102266/estonian-firefighters-facing-tough-conditions-battling-sardinia-wildfires,Estonian firefighters facing tough conditions battling Sardinia wildfires,2026-08-04,2026-08-04_14.01.55
https://news.err.ee/1610102224/gallery-new-tallinn-exhibition-explores-the-aesthetics-of-abandoned-spaces,Gallery: New Tallinn exhibition explores the aesthetics of abandoned spaces,2026-08-04,2026-08-04_14.01.55
https://news.err.ee/1610102386/viljandi-folk-unveils-three-four-theme-for-2027,Viljandi Folk unveils 'Three-Four!' theme for 2027,2026-08-04,2026-08-04_14.01.55
https://news.err.ee/1610102416/coop-celebrates-bigger-market-share-but-won-t-hike-prices-in-wake-of-prisma-acquisition,Coop celebrates bigger market share but won't hike prices in wake of Prisma acquisition,2026-08-04,2026-08-04_14.01.55
https://news.err.ee/1610102401/estonian-ministry-considers-industry-s-nutri-score-label-fears-unfounded,Estonian ministry considers industry's Nutri-Score label fears unfounded,2026-08-04,2026-08-04_14.01.55
https://news.err.ee/1610102215/small-island-ferry-pay-deadlock-raises-prospect-of-longer-strikes,Small island ferry pay deadlock raises prospect of longer strikes,2026-08-04,2026-08-04_14.01.55
https://news.err.ee/1610102398/photos-crowds-queue-up-as-new-batch-of-sipsik-coin-cards-goes-on-sale,Photos: Crowds queue up as new batch of Sipsik coin cards goes on sale,2026-08-04,2026-08-04_14.01.55
https://news.err.ee/1610102056/ambassador-putin-does-not-see-his-military-options-as-having-run-out,Ambassador: Putin does not see his military options as having run out,2026-08-04,2026-08-04_14.01.55
https://news.err.ee/1610102467/controversial-polish-metal-band-to-perform-in-tallinn,Controversial Polish metal band to perform in Tallinn,2026-08-04,2026-08-04_17.43.31
https://news.err.ee/1610102482/8-men-claiming-to-be-from-ethiopia-detained-in-central-tallinn,8 men claiming to be from Ethiopia detained in central Tallinn,2026-08-04,2026-08-04_21.08.25
https://news.err.ee/1610102323/tallinn-to-rebuild-popular-old-town-street-starting-next-week,Tallinn to rebuild popular Old Town street starting next week,2026-08-05,2026-08-05_06.24.44
https://news.err.ee/1610102854/tallinn-airport-sets-another-new-passenger-record-in-july,Tallinn Airport sets another new passenger record in July,2026-08-05,2026-08-05_06.24.44
https://news.err.ee/1610102446/estonian-composer-alisson-kruusmaa-s-work-debuts-at-prestigious-us-festival,Estonian composer Alisson Kruusmaa's work debuts at prestigious US festival,2026-08-05,2026-08-05_06.24.44
https://news.err.ee/1610102842/hospitals-treating-more-serious-scooter-injuries-this-summer,Hospitals treating more serious scooter injuries this summer,2026-08-05,2026-08-05_06.24.44
https://news.err.ee/1610102938/golf-center-and-private-residences-planned-near-tartu,Golf center and private residences planned near Tartu,2026-08-05,2026-08-05_10.30.49
https://news.err.ee/1610103055/former-defense-chief-riho-uhtegi-bows-out-of-estonian-presidency-race,Former defense chief Riho Ühtegi bows out of Estonian presidency race,2026-08-05,2026-08-05_10.30.49
https://news.err.ee/1610102911/gambling-restriction-list-nears-21-000-as-estonia-plans-law-review,"Gambling restriction list nears 21,000 as Estonia plans law review",2026-08-05,2026-08-05_10.30.49
https://news.err.ee/1610102932/estonia-secures-up-to-2-34-billion-eu-loan-for-defense-investments,Estonia secures up to €2.34 billion EU loan for defense investments,2026-08-05,2026-08-05_10.30.49
https://news.err.ee/1610102926/influencer-s-sex-crimes-database-website-taken-offline-over-privacy-concerns,Influencer's sex crimes database website taken offline over privacy concerns,2026-08-05,2026-08-05_10.30.49
https://news.err.ee/1610103079/u-s-weapons-paused-by-iran-conflict-set-to-reach-estonia-within-weeks,U.S. weapons paused by Iran conflict set to reach Estonia within weeks,2026-08-05,2026-08-05_10.30.49
https://news.err.ee/1610102917/prison-service-says-tartu-recruitment-drive-is-ahead-of-schedule,Prison service says Tartu recruitment drive is ahead of schedule,2026-08-05,2026-08-05_10.30.49
https://news.err.ee/1610102899/tartu-students-prefer-rental-apartments-to-dorms,Tartu students prefer rental apartments to dorms,2026-08-05,2026-08-05_10.30.49
https://news.err.ee/1610102872/hundreds-of-assistant-teachers-leave-as-new-kindergarten-language-requirements-take-effect,Hundreds of assistant teachers leave as new kindergarten language requirements take effect,2026-08-05,2026-08-05_10.30.49
https://news.err.ee/1610102356/if-paide-beat-rapid-vienna-benfica-or-hearts-await-in-uefa-conference-league,"If Paide beat Rapid Vienna, Benfica or Hearts await in UEFA Conference League",2026-08-05,2026-08-05_10.30.49
https://news.err.ee/1610103271/estonia-s-maarika-lepik-crowned-women-s-world-champion-in-axe-throwing,Estonia's Maarika Lepik crowned women's world champion in axe throwing,2026-08-05,2026-08-05_16.03.49
https://news.err.ee/1610103250/omd-s-andy-mccluskey-even-our-best-friends-hated-our-first-songs,OMD's Andy McCluskey: Even our best friends hated our first songs,2026-08-05,2026-08-05_16.03.49
https://news.err.ee/1610103097/concert-organizer-world-famous-artists-want-to-feel-at-home-while-on-tour,Concert organizer: world‑famous artists want to feel at home while on tour,2026-08-05,2026-08-05_16.03.49
https://news.err.ee/1610103319/japanese-artist-debuts-decade-in-the-making-photo-exhibition-in-tartu,Japanese artist debuts decade-in-the-making photo exhibition in Tartu,2026-08-05,2026-08-05_16.03.49
https://news.err.ee/1610103100/taaniel-raudsepp-opinion-festival-teaches-us-to-hesitate-with-quality,Taaniel Raudsepp: Opinion Festival teaches us to hesitate with quality,2026-08-05,2026-08-05_16.03.49
https://news.err.ee/1610103223/telecom-companies-will-begin-replacing-mobile-id-users-sim-cards,Telecom companies will begin replacing Mobile‑ID users' SIM cards,2026-08-05,2026-08-05_16.03.49
https://news.err.ee/1610103298/interior-minister-estonia-s-crisis-preparedness-not-entirely-in-line-with-threats,Interior minister: Estonia's crisis preparedness not entirely in line with threats,2026-08-05,2026-08-05_16.03.49
https://news.err.ee/1610103061/analysis-ida-viru-county-residents-expectations-for-the-future,Analysis: Ida-Viru County residents' expectations for the future,2026-08-05,2026-08-05_16.03.49
https://news.err.ee/1610103268/estonia-returns-first-illegal-migrants-to-latvia,Estonia returns first illegal migrants to Latvia,2026-08-05,2026-08-05_16.03.49
https://news.err.ee/1610103025/state-aid-to-estonian-businesses-rose-to-473-million-in-2025,State aid to Estonian businesses rose to €473 million in 2025,2026-08-05,2026-08-05_16.03.49
https://news.err.ee/1610103226/estonia-and-sweden-sign-historic-prison-rental-space-agreement,Estonia and Sweden sign 'historic' prison rental space agreement,2026-08-05,2026-08-05_19.24.35
https://news.err.ee/1610103157/sirje-potisepp-changing-who-pays-the-bill-will-not-make-the-environment-cleaner,Sirje Potisepp: Changing who pays the bill will not make the environment cleaner,2026-08-06,2026-08-06_06.26.38
https://news.err.ee/1610103691/health-board-lyme-s-disease-and-tick-borne-encephalitis-cases-picking-up-in-estonia,Health Board: Lyme's disease and tick-borne encephalitis cases picking up in Estonia,2026-08-06,2026-08-06_06.26.38
https://news.err.ee/1610103781/minister-drops-plans-for-up-to-100m-in-state-child-healthcare-funding,Minister drops plans for up to €100m in state child healthcare funding,2026-08-06,2026-08-06_10.35.09
https://news.err.ee/1610103961/hundreds-of-passenger-and-luxury-cars-registered-as-vans-in-estonia,Hundreds of passenger and luxury cars registered as vans in Estonia,2026-08-06,2026-08-06_10.35.09
https://news.err.ee/1610103745/estonia-and-sweden-set-rules-for-holding-swedish-prisoners-in-tartu,Estonia and Sweden set rules for holding Swedish prisoners in Tartu,2026-08-06,2026-08-06_10.35.09
https://news.err.ee/1610103925/eesti-200-head-67-mps-back-ulle-madise-for-president,Eesti 200 head: 67 MPs back Ülle Madise for president,2026-08-06,2026-08-06_10.35.09
https://news.err.ee/1610103721/tallinn-will-not-rebuild-drainage-system-for-cleaner-inglirand-water,Tallinn will not rebuild drainage system for cleaner Inglirand water,2026-08-06,2026-08-06_10.35.09
https://news.err.ee/1610103310/opera-singer-says-the-art-form-thrives-as-a-social-gathering-place-not-an-elite-tradition,"Opera singer says the art form thrives as a social gathering place, not an elite tradition",2026-08-06,2026-08-06_10.35.09
https://news.err.ee/1610103706/experts-coming-winter-to-bring-sharp-electricity-price-hikes,Experts: Coming winter to bring sharp electricity price hikes,2026-08-06,2026-08-06_10.35.09
https://news.err.ee/1610103262/erik-gamzejev-what-will-happen-to-ida-viru-county-after-the-340-million-euros-are-spent,Erik Gamzejev: What will happen to Ida‑Viru County after the 340 million euros are spent?,2026-08-06,2026-08-06_10.35.09
https://news.err.ee/1610103274/outgoing-language-board-chief-we-have-managed-to-enforce-language-rules-without-conflicts,Outgoing Language Board chief: We have managed to enforce language rules without conflicts,2026-08-06,2026-08-06_10.35.09
https://news.err.ee/1610103772/tartu-schools-to-offer-drone-training-this-fall,Tartu schools to offer drone training this fall,2026-08-06,2026-08-06_10.35.09
https://news.err.ee/1610103844/inventor-of-the-snail-trap-nine-3d-printers-in-the-garage-make-the-trap-houses,Inventor of the snail trap: nine 3D printers in the garage make the trap houses,2026-08-06,2026-08-06_13.57.36
https://news.err.ee/1610104177/banned-sex-crimes-database-creators-have-little-faith-in-ministry-s-criminal-records-reform,Banned sex crimes database creators have little faith in ministry's criminal records reform,2026-08-06,2026-08-06_13.57.36
https://news.err.ee/1610104069/tiny-quake-near-island-off-estonian-coast-reveals-seismic-fault-in-bedrock,Tiny quake near island off Estonian coast reveals seismic fault in bedrock,2026-08-06,2026-08-06_13.57.36
https://news.err.ee/1610103808/economists-warn-of-uneven-demand-as-estonia-s-manufacturing-declines,Economists warn of uneven demand as Estonia's manufacturing declines,2026-08-06,2026-08-06_13.57.36
https://news.err.ee/1610104141/tallinn-s-new-route-network-results-in-technical-glitches-and-confusion-at-stops,Tallinn's new route network results in technical glitches and confusion at stops,2026-08-06,2026-08-06_13.57.36
https://news.err.ee/1610103823/women-bikers-from-25-countries-gather-in-estonia-for-wima-rally,Women bikers from 25 countries gather in Estonia for WIMA rally,2026-08-06,2026-08-06_13.57.36
https://news.err.ee/1610104012/minister-ambulance-reform-will-improve-quality-of-emergency-medical-care,Minister: Ambulance reform will improve quality of emergency medical care,2026-08-06,2026-08-06_13.57.36
https://news.err.ee/1610104081/airbaltic-cancels-tallinn-london-gatwick-flights-for-winter-season,airBaltic cancels Tallinn–London Gatwick flights for winter season,2026-08-06,2026-08-06_13.57.36
https://news.err.ee/1610103814/tiny-new-gallery-on-lake-peipus-shore-opens-with-estonia-ukraine-show,Tiny new gallery on Lake Peipus shore opens with Estonia-Ukraine show,2026-08-06,2026-08-06_13.57.36
https://news.err.ee/1610103736/over-60-percent-of-estonian-adults-have-at-least-one-chronic-illness,Over 60 percent of Estonian adults have at least one chronic illness,2026-08-06,2026-08-06_13.57.36
https://news.err.ee/1610104033/estonian-defense-tech-firm-hevi-optronics-to-build-new-factory-near-tallinn,Estonian defense tech firm Hevi Optronics to build new factory near Tallinn,2026-08-06,2026-08-06_23.55.20
https://news.err.ee/1610103868/study-estonia-s-unique-trilingual-emergency-alerts-are-speeding-up,Study: Estonia's unique trilingual emergency alerts are speeding up,2026-08-06,2026-08-06_23.55.20
https://news.err.ee/1610104541/air-force-finnish-airspace-closures-do-not-affect-estonia,Air force: Finnish airspace closures do not affect Estonia,2026-08-07,2026-08-07_05.37.38
https://news.err.ee/1610048104/tallinn-hospital-board-member-gynecologist-fired-due-to-loss-of-trust,Tallinn hospital board member: Gynecologist fired due to 'loss of trust',2026-08-07,2026-08-07_05.37.38
https://news.err.ee/1610104637/tram-stop-relocation-plans-criticised-by-architects-association,Tram stop relocation plans criticised by architects' association,2026-08-07,2026-08-07_07.09.08
https://news.err.ee/1610103817/from-gravel-roads-to-handcar-rides-late-summer-museum-picks-across-estonia,From gravel roads to handcar rides: Late-summer museum picks across Estonia,2026-08-07,2026-08-07_07.09.08
https://news.err.ee/1610104528/universal-postal-service-to-slow-and-prices-to-rise-in-fall,Universal postal service to slow and prices to rise in fall,2026-08-07,2026-08-07_07.09.08
https://news.err.ee/1610104570/inflation-up-2-2-in-july-lowest-in-more-than-5-years,"Inflation up 2.2% in July, lowest in more than 5 years",2026-08-07,2026-08-07_07.09.08
https://news.err.ee/1610104171/gallery-taltech-summer-production-revisits-tallinn-student-life-in-1968,Gallery: TalTech summer production revisits Tallinn student life in 1968,2026-08-07,2026-08-07_07.09.08
https://news.err.ee/1610104126/rait-kallus-is-estonia-planning-future-traffic-based-on-the-past,Rait Kallus: Is Estonia planning future traffic based on the past?,2026-08-07,2026-08-07_08.54.51
https://news.err.ee/1610104624/mia-mireia-uusorg-takes-u20-world-athletics-championships-silver,Mia Mireia Uusorg takes U20 World Athletics Championships silver,2026-08-07,2026-08-07_08.54.51
https://news.err.ee/1610103871/entomologist-several-new-insect-species-reach-estonia-annually,Entomologist: several new insect species reach Estonia annually,2026-08-07,2026-08-07_08.54.51
https://news.err.ee/1610104594/estonian-police-and-iss-say-most-health-data-queries-are-lawful,Estonian police and ISS say most health data queries are lawful,2026-08-07,2026-08-07_08.54.51
https://news.err.ee/1610103862/katarina-papp-donating-food-should-become-standard-practice,Katarina Papp: Donating food should become standard practice,2026-08-07,2026-08-07_08.54.51
https://news.err.ee/1610104138/rescue-board-official-i-would-not-let-children-go-to-sea-on-a-sup-board,Rescue Board official: I would not let children go to sea on a SUP board,2026-08-07,2026-08-07_10.49.01
https://news.err.ee/1610104162/birk-rohelend-history-does-not-fit-into-a-single-simplified-narrative,Birk Rohelend: History does not fit into a single simplified narrative,2026-08-07,2026-08-07_10.49.01
https://news.err.ee/1610103892/lihtsad-uudised-7-augustil,Lihtsad uudised 7. augustil,2026-08-07,2026-08-07_10.49.01
https://news.err.ee/1610104759/four-estonians-officiated-at-uefa-s-thursday-matches,Four Estonians officiated at UEFA's Thursday matches,2026-08-07,2026-08-07_10.49.01
https://news.err.ee/1610104696/authorities-issue-permit-to-hunt-two-bears-that-entered-home-yards,Authorities issue permit to hunt two bears that entered home yards,2026-08-07,2026-08-07_10.49.01
https://news.err.ee/1610104684/paide-and-flora-both-lose-in-uefa-conference-league-qualifying-first-legs,Paide and Flora both lose in UEFA Conference League qualifying first legs,2026-08-07,2026-08-07_12.54.32
https://news.err.ee/1610104672/estonian-raspberries-thrive-as-new-methods-help-farms-weather-changes,Estonian raspberries thrive as new methods help farms weather changes,2026-08-07,2026-08-07_12.54.32
https://news.err.ee/1610104654/careless-waste-handling-attracts-rodents-to-the-city,Careless waste handling attracts rodents to the city,2026-08-07,2026-08-07_12.54.32
https://news.err.ee/1610105089/expert-talk-of-a-direct-russian-attack-is-extremely-foolish,Expert: Talk of a direct Russian attack is extremely foolish,2026-08-07,2026-08-07_12.54.32
https://news.err.ee/1610104591/ministry-review-to-map-gaps-in-children-s-mental-healthcare,Ministry review to map gaps in children's mental healthcare,2026-08-07,2026-08-07_12.54.32
https://news.err.ee/1610104999/estonia-earned-256-5-million-from-carbon-quota-sales-last-year,Estonia earned €256.5 million from carbon quota sales last year,2026-08-07,2026-08-07_14.50.17
https://news.err.ee/1610105173/disputes-reported-in-estonia-detention-facility-as-99-migrants-recently-caught,Disputes reported in Estonia detention facility as 99 migrants recently caught,2026-08-07,2026-08-07_14.50.17
https://news.err.ee/1610104988/adaptation-of-seita-vuorela-s-novel-karikko-begins-filming-on-saaremaa,Adaptation of Seita Vuorela's novel 'Karikko' begins filming on Saaremaa,2026-08-07,2026-08-07_14.50.17
https://news.err.ee/1610105041/gallery-tartu-welcomes-moby-on-play-25th-anniversary-tour,Gallery: Tartu welcomes Moby on 'Play' 25th anniversary tour,2026-08-07,2026-08-07_14.50.17
https://news.err.ee/1610104714/canadian-estonian-family-still-thriving-30-years-after-return-to-homeland,Canadian Estonian family still thriving 30 years after return to homeland,2026-08-08,2026-08-08_06.43.49
https://news.err.ee/1610105507/unaligned-mps-mulling-presidential-candidates,Unaligned MPs mulling presidential candidates,2026-08-08,2026-08-08_06.43.49
https://news.err.ee/1610105146/estonian-pilgrim-swaps-work-stress-for-freedom-on-camino-journey,Estonian pilgrim swaps work stress for freedom on Camino journey,2026-08-08,2026-08-08_06.43.49
https://news.err.ee/1610105495/another-26-kilometers-of-estonia-s-border-infrastructure-completed,Another 26 kilometers of Estonia's border infrastructure completed,2026-08-08,2026-08-08_06.43.49
https://news.err.ee/1610105531/intel-russia-captured-less-than-40-square-kilometers-of-ukrainian-territory-in-july,Intel: Russia captured less than 40 square kilometers of Ukrainian territory in July,2026-08-08,2026-08-08_08.36.03
https://news.err.ee/1610105140/estonia-s-aidu-defense-park-must-address-groundwater-risks,Estonia's Aidu defense park must address groundwater risks,2026-08-08,2026-08-08_08.36.03
https://news.err.ee/1610105122/kart-pormeister-the-charm-and-pain-of-ai-in-the-legal-field,Kärt Pormeister: The charm and pain of AI in the legal field,2026-08-08,2026-08-08_08.36.03
https://news.err.ee/1610105026/fixed-or-market-price-electricity-what-to-consider-ahead-of-an-unpredictable-winter,Fixed or market‑price electricity? What to consider ahead of an unpredictable winter,2026-08-08,2026-08-08_08.36.03
https://news.err.ee/1610105519/omniva-sends-packages-to-different-towns-to-manage-high-delivery-volumes,Omniva sends packages to different towns to manage high delivery volumes,2026-08-08,2026-08-08_10.27.41
https://news.err.ee/1610105561/madise-i-am-not-running-for-president-but-i-will-consider-it-if-necessary,"Madise: I am not running for president, but I will consider it if necessary",2026-08-08,2026-08-08_10.27.41
https://news.err.ee/1610105630/estonian-rowers-take-double-sculls-top-spot-at-u-19-world-championships,Estonian rowers take double sculls top spot at U-19 world championships,2026-08-08,2026-08-08_12.39.00
https://news.err.ee/1609932407/watch-estonia-s-special-forces-detain-a-suspected-smugglers-ship,Watch: Estonia's special forces detain a suspected smugglers ship,2026-08-08,2026-08-08_16.28.10
https://news.err.ee/1610105971/estonia-s-parties-betting-on-tax-cuts-ai-and-demographics-ahead-of-2027-elections,"Estonia's parties betting on tax cuts, AI and demographics ahead of 2027 elections",2026-08-09,2026-08-09_06.49.58
https://news.err.ee/1610105980/gallery-day-2-of-opinion-festival-2026-brings-eu-and-media-debates,Gallery: Day 2 of Opinion Festival 2026 brings EU and media debates,2026-08-09,2026-08-09_08.37.29
https://news.err.ee/1610105989/ekre-head-ulle-madise-s-election-in-the-riigikogu-could-be-contested-in-court,EKRE head: Ülle Madise's election in the Riigikogu could be contested in court,2026-08-09,2026-08-09_08.37.29
https://news.err.ee/1610105983/estonia-s-warming-bodies-of-water-catering-to-fish-parasites,Estonia's warming bodies of water catering to fish parasites,2026-08-09,2026-08-09_08.37.29
https://news.err.ee/1610106031/natalie-mets-youth-unemployment-will-not-fix-itself,Natalie Mets: Youth unemployment will not fix itself,2026-08-09,2026-08-09_10.29.48
https://news.err.ee/1610106082/photos-tartuff-opening-screening-attracts-full-house,Photos: Tartuff opening screening attracts full house,2026-08-09,2026-08-09_12.41.02
https://news.err.ee/1610106376/estonia-s-ruling-coalition-on-thin-ice-after-eesti-200-member-quits-party,Estonia's ruling coalition on thin ice after Eesti 200 member quits party,2026-08-10,2026-08-10_04.44.19
https://news.err.ee/1610106358/estonia-axes-unemployment-benefit-for-young-people-finishing-conscription,Estonia axes unemployment benefit for young people finishing conscription,2026-08-10,2026-08-10_04.44.19
https://news.err.ee/1610106499/estonian-seal-watching-tour-attracts-the-animals-with-classical-music,Estonian seal-watching tour attracts the animals with classical music,2026-08-10,2026-08-10_07.53.07
https://news.err.ee/1610106484/estonian-national-team-players-make-mark-for-clubs-against-west-ham-celtic,"Estonian national team players make mark for clubs against West Ham, Celtic",2026-08-10,2026-08-10_07.53.07
https://news.err.ee/1610106472/mp-estonia-has-a-top-public-servant-competition-instead-of-presidential-elections,MP: Estonia has a top public servant competition instead of presidential elections,2026-08-10,2026-08-10_07.53.07
https://news.err.ee/1610106376/estonia-s-ruling-coalition-loses-majority-after-2-mps-quit-parties,Estonia's ruling coalition loses majority after 2 MPs quit parties,2026-08-10,2026-08-10_07.53.07
https://news.err.ee/1610106388/tartu-old-town-bar-owners-concerned-about-residential-development,Tartu Old Town bar owners concerned about residential development,2026-08-10,2026-08-10_07.53.07
https://news.err.ee/1610106544/estonian-exports-and-imports-rise-15-in-june-rade-deficit-hits-413m,"Estonian exports and imports rise 15% in June, rade deficit hits €413M",2026-08-10,2026-08-10_10.23.28
https://news.err.ee/1610106538/parties-split-over-madise-s-presidential-bid-and-alleged-role-conflict,Parties split over Madise's presidential bid and alleged role conflict,2026-08-10,2026-08-10_10.23.28
https://news.err.ee/1610106631/minority-government-faces-strains-as-parties-brace-for-budget-fight,Minority government faces strains as parties brace for budget fight,2026-08-10,2026-08-10_10.23.28
https://news.err.ee/1610106520/estonian-artist-s-bold-spanish-influenced-art-fills-unique-coastal-gallery,"Estonian artist's bold, Spanish-influenced art fills unique coastal gallery",2026-08-10,2026-08-10_10.23.28
https://news.err.ee/1610106622/isamaa-ekre-and-center-agree-on-new-parnu-coalition,"Isamaa, EKRE and Center agree on new Pärnu coalition",2026-08-10,2026-08-10_10.23.28
https://news.err.ee/1610106505/arnold-rutto-a-memory-operation-caucasus-style,"Arnold Rutto: A memory operation, Caucasus‑style",2026-08-10,2026-08-10_10.23.28
https://news.err.ee/1610106853/prime-minister-on-minority-government-we-need-to-make-compromises-to-go-on,Prime Minister on minority government: We need to make compromises to go on,2026-08-10,2026-08-10_13.22.04
https://news.err.ee/1610106574/accessibility-a-priority-at-estonia-s-16th-disabled-song-and-dance-festival,Accessibility a priority at Estonia's 16th Disabled Song and Dance Festival,2026-08-10,2026-08-10_13.22.04
https://news.err.ee/1610106844/a-peat-bog-is-burning-in-raama-tori-municipality,"A peat bog is burning in Rääma, Tori municipality",2026-08-10,2026-08-10_13.22.04
https://news.err.ee/1610106610/head-of-estonian-lutheran-church-a-cultured-nation-builds-not-demolishes,"Head of Estonian Lutheran Church: A cultured nation builds, not demolishes",2026-08-10,2026-08-10_13.22.04
https://news.err.ee/1610106808/2-more-silvers-make-it-3-for-estonia-at-u20-world-athletics-championships,2 more silvers make it 3 for Estonia at U20 World Athletics Championships,2026-08-10,2026-08-10_13.22.04
https://news.err.ee/1610106583/study-links-long-covid-19-to-surge-in-new-chronic-illnesses-in-estonia,Study links long COVID-19 to surge in new chronic illnesses in Estonia,2026-08-10,2026-08-10_13.22.04
https://news.err.ee/1610106577/1-minute-lecture-how-to-avoid-tick-bites,1-minute lecture: How to avoid tick bites,2026-08-10,2026-08-10_13.22.04
https://news.err.ee/1610106730/ministry-no-insolvency-wave-in-estonia,Ministry: No insolvency wave in Estonia,2026-08-10,2026-08-10_13.22.04
https://news.err.ee/1610106565/nissan-skyline-gt-r-hits-416-kph-for-a-new-estonian-record-at-the-one-mile-challenge,Nissan Skyline GT-R hits 416 kph for a new Estonian record at the One Mile Challenge,2026-08-10,2026-08-10_13.22.04
https://news.err.ee/1610106649/estonian-rally-driver-hit-with-ban-after-finland-police-booking,Estonian rally driver hit with ban after Finland police booking,2026-08-10,2026-08-10_16.04.39
https://news.err.ee/1610106634/estonian-researchers-mental-health-literacy-needs-more-focus-on-well-being,Estonian researchers: Mental health literacy needs more focus on well-being,2026-08-10,2026-08-10_16.04.39
https://news.err.ee/1610106832/southeastern-estonian-lighthouse-draws-visitors-with-close-up-russia-views,Southeastern Estonian lighthouse draws visitors with close-up Russia views,2026-08-10,2026-08-10_16.04.39
https://news.err.ee/1610106778/meelis-oidsalu-u-s-intelligence-changed-its-assessment-of-the-russian-threat-less-than-it-seems,Meelis Oidsalu: U.S. intelligence changed its assessment of the Russian threat less than it seems,2026-08-10,2026-08-10_16.04.39
https://news.err.ee/1610106700/opinion-festival-panel-ai-forcing-scientists-to-alter-working-habits-and-values,Opinion Festival panel: AI forcing scientists to alter working habits and values,2026-08-11,2026-08-11_07.17.29
https://news.err.ee/1610106670/the-perseid-meteor-shower-reaches-its-peak-this-week,The Perseid meteor shower reaches its peak this week,2026-08-11,2026-08-11_07.17.29
https://news.err.ee/1610107213/universities-propose-taltech-rector-tiit-land-for-president,Universities propose TalTech Rector Tiit Land for president,2026-08-11,2026-08-11_07.17.29
https://news.err.ee/1610107285/expert-reform-rifts-grow-but-michal-unlikely-to-be-ousted-as-pm-before-election,"Expert: Reform rifts grow, but Michal unlikely to be ousted as PM before election",2026-08-11,2026-08-11_07.17.29
https://news.err.ee/1610106733/estonian-cleaner-offers-fresh-start-to-people-struggling-at-home,Estonian cleaner offers fresh start to people struggling at home,2026-08-11,2026-08-11_07.17.29
https://news.err.ee/1610107225/estonians-donations-to-ukraine-have-dried-up,Estonians' donations to Ukraine have dried up,2026-08-11,2026-08-11_07.17.29
https://news.err.ee/1609964222/more-known-about-estonia-s-seal-population-than-ever-before-thanks-to-drone-tech,More known about Estonia's seal population than ever before thanks to drone tech,2026-08-11,2026-08-11_10.05.19
https://news.err.ee/1610106823/review-a-completely-brand-new-day,Review: A completely brand new day,2026-08-11,2026-08-11_10.05.19
https://news.err.ee/1610107462/estonia-s-athletes-have-disappointing-first-day-at-european-champs-in-birmingham,Estonia's athletes have disappointing first day at European champs in Birmingham,2026-08-11,2026-08-11_10.05.19
https://news.err.ee/1610107459/incoming-parnu-alliance-picks-leaders-signs-coalition-agreement,"Incoming Pärnu alliance picks leaders, signs coalition agreement",2026-08-11,2026-08-11_10.05.19
https://news.err.ee/1610106766/young-estonian-buckshot-roulette-developer-games-are-art-scene-is-growing,"Young Estonian 'Buckshot Roulette' developer: Games are art, scene is growing",2026-08-11,2026-08-11_10.05.19
https://news.err.ee/1610106844/rescuers-extinguish-raama-peat-bog-fire,Rescuers extinguish Rääma peat‑bog fire,2026-08-11,2026-08-11_10.05.19
https://news.err.ee/1610107327/expert-u-s-mood-toward-ukraine-shifts-as-zelenskyy-now-seen-as-a-winner,Expert: U.S. mood toward Ukraine shifts as Zelenskyy now seen as a winner,2026-08-11,2026-08-11_10.05.19
https://news.err.ee/1610107252/people-from-224-different-ethnic-nationalities-living-in-estonia,People from 224 different ethnic nationalities living in Estonia,2026-08-11,2026-08-11_10.05.19
https://news.err.ee/1610107477/allan-eichenbaum-let-s-learn-universal-health-insurance-from-the-best,Allan Eichenbaum: Let's learn universal health insurance from the best,2026-08-11,2026-08-11_13.19.02
https://news.err.ee/1610107597/riigikogu-speaker-ulle-madise-is-ready-to-run-for-president,Riigikogu Speaker: Ülle Madise is ready to run for president,2026-08-11,2026-08-11_13.19.02
https://news.err.ee/1610107699/three-buses-catch-fire-at-old-bus-depot-in-kohtla-jarve,Three buses catch fire at old bus depot in Kohtla‑Järve,2026-08-11,2026-08-11_13.19.02
https://news.err.ee/1610107378/gallery-joint-tartu-show-centers-memory-and-change-in-vanishing-cities,Gallery: Joint Tartu show centers memory and change in 'Vanishing Cities',2026-08-11,2026-08-11_13.19.02
https://news.err.ee/1610107633/tallinn-offers-defense-league-part-of-linnahall-for-indoor-shooting-range,Tallinn offers Defense League part of Linnahall for indoor shooting range,2026-08-11,2026-08-11_13.19.02
https://news.err.ee/1610107357/regional-minister-after-4-8-million-from-reserve-to-keep-public-transport-afloat,Regional minister after €4.8 million from reserve to keep public transport afloat,2026-08-11,2026-08-11_13.19.02
https://news.err.ee/1610107636/two-months-of-roadworks-in-store-for-tallinn-s-liivalaia-tanav,Two months of roadworks in store for Tallinn's Liivalaia tänav,2026-08-11,2026-08-11_13.19.02
https://news.err.ee/1610107348/robot-mower-sales-surge-in-wake-of-wider-selection-and-lower-prices,Robot mower sales surge in wake of wider selection and lower prices,2026-08-11,2026-08-11_13.19.02
https://news.err.ee/1610107630/pedestrian-knocked-down-and-killed-at-temporary-crossing-in-tallinn,Pedestrian knocked down and killed at temporary crossing in Tallinn,2026-08-11,2026-08-11_13.19.02
https://news.err.ee/1610107321/voru-museum-explores-city-history-through-eyes-of-its-notable-figures,Võru Museum explores city history through eyes of its notable figures,2026-08-11,2026-08-11_13.19.02
https://news.err.ee/1610107675/estonian-yacht-nola-wins-class-at-prestigious-copa-del-rey-regatta,Estonian yacht NOLA wins class at prestigious Copa del Rey regatta,2026-08-11,2026-08-11_16.05.23
https://news.err.ee/1610107606/ironman-swimming-stage-moves-to-raku-lake-as-tallinn-eyes-2028-event,Ironman swimming stage moves to Raku Lake as Tallinn eyes 2028 event,2026-08-11,2026-08-11_16.05.23
https://news.err.ee/1610107420/kuressaare-airport-closure-raises-tourism-concerns-during-august-peak,Kuressaare Airport closure raises tourism concerns during August peak,2026-08-11,2026-08-11_16.05.23
https://news.err.ee/1610107489/community-center-in-rural-estonian-village-to-double-as-local-crisis-hub,Community center in rural Estonian village to double as local crisis hub,2026-08-11,2026-08-11_16.05.23
https://news.err.ee/1610107630/a-driver-fatally-struck-a-traffic-controller-in-tallinn,A driver fatally struck a traffic controller in Tallinn,2026-08-11,2026-08-11_16.05.23
https://news.err.ee/1610107396/developers-plan-rental-housing-next-to-tallinn-bus-station,Developers plan rental housing next to Tallinn bus station,2026-08-11,2026-08-11_16.05.23
https://news.err.ee/1610108086/continuing-education-becomes-easier-for-children-who-ve-studied-abroad,Continuing education becomes easier for children who've studied abroad,2026-08-12,2026-08-12_07.41.54
https://news.err.ee/1610108173/estonians-at-euro-athletics-champs-mulla-makes-pole-vault-final-sai-out-in-100m-heats,"Estonians at Euro athletics champs: Mülla makes pole vault final, Sai out in 100m heats",2026-08-12,2026-08-12_07.41.54
https://news.err.ee/1610108071/narva-tsar-s-route-initiators-willing-to-change-the-name-to-keep-plan-alive,Narva Tsar's Route initiators willing to change the name to keep plan alive,2026-08-12,2026-08-12_07.41.54
https://news.err.ee/1610108176/norstat-sde-overtakes-ekre-while-parempoolsed-slide-in-the-polls,Norstat: SDE overtakes EKRE while Parempoolsed slide in the polls,2026-08-12,2026-08-12_07.41.54
https://news.err.ee/1610107426/lauri-laats-estonia-cannot-tax-or-borrow-its-way-to-prosperity,Lauri Laats: Estonia cannot tax or borrow its way to prosperity,2026-08-12,2026-08-12_07.41.54
https://news.err.ee/1610108122/estonia-to-adopt-new-eu-transparency-rules-on-ai-and-deepfakes,Estonia to adopt new EU transparency rules on AI and 'deepfakes',2026-08-12,2026-08-12_07.41.54
https://news.err.ee/1610108116/justice-chancellor-on-presidency-my-only-criterion-is-maintaining-an-independent-image,Justice chancellor on presidency: My only criterion is maintaining an independent image,2026-08-12,2026-08-12_07.41.54
https://news.err.ee/1610107687/gallery-touch-memory-at-the-core-of-finnish-estonian-duo-s-tallinn-show,"Gallery: Touch, memory at the core of Finnish-Estonian duo's Tallinn show",2026-08-12,2026-08-12_07.41.54
https://news.err.ee/1610107717/10th-baltic-film-days-bring-the-best-of-new-latvian-and-lithuanian-cinema,10th Baltic Film Days bring the best of new Latvian and Lithuanian cinema,2026-08-12,2026-08-12_07.41.54
https://news.err.ee/1610107630/62-year-old-traffic-controller-hit-and-killed-by-car-at-tallinn-pedestrian-crosswalk,62-year-old traffic controller hit and killed by car at Tallinn pedestrian crosswalk,2026-08-12,2026-08-12_07.41.54
https://news.err.ee/1610107540/state-aid-report-shows-national-opera-estonia-received-largest-share-last-year,State aid report shows National Opera Estonia received largest share last year,2026-08-12,2026-08-12_10.13.17
https://news.err.ee/1610108281/court-state-must-assess-wind-farm-noise-independently-of-developers,Court: state must assess wind farm noise independently of developers,2026-08-12,2026-08-12_10.13.17
https://news.err.ee/1610107507/concert-activities-at-patarei-sea-fortress-to-end-after-this-summer,Concert activities at Patarei Sea Fortress to end after this summer,2026-08-12,2026-08-12_10.13.17
https://news.err.ee/1610108275/swimmer-eneli-jefimova-through-to-european-champs-100m-breaststroke-final-in-paris,Swimmer Eneli Jefimova through to European champs 100m breaststroke final in Paris,2026-08-12,2026-08-12_10.13.17
https://news.err.ee/1610107423/estonian-intimacy-coordinator-always-ask-if-the-nudity-is-necessary,Estonian intimacy coordinator: Always ask if the nudity is necessary,2026-08-12,2026-08-12_10.13.17
https://news.err.ee/1610108224/expert-presidential-election-looks-set-to-head-to-electoral-college,Expert: Presidential election looks set to head to electoral college,2026-08-12,2026-08-12_13.23.22
https://news.err.ee/1610108179/andrus-kaarelson-if-we-do-not-act-fast-investments-will-go-to-latvia,Andrus Kaarelson: If we do not act fast investments will go to Latvia,2026-08-12,2026-08-12_13.23.22
https://news.err.ee/1610108143/tartu-university-hospital-cutting-back-departments-seeing-fewer-patients,Tartu University Hospital cutting back departments seeing fewer patients,2026-08-12,2026-08-12_13.23.22
https://news.err.ee/1610108425/45-signatures-and-counting-for-ulle-madise-s-presidential-bid-parties-meet-with-land-madise,"45 signatures and counting for Ülle Madise's presidential bid; parties meet with Land, Madise",2026-08-12,2026-08-12_13.23.22
https://news.err.ee/1610108134/experts-warn-estonia-must-act-soon-to-fix-health-fund-deficit-or-face-higher-patient-costs,Experts warn Estonia must act soon to fix health fund deficit or face higher patient costs,2026-08-12,2026-08-12_13.23.22
https://news.err.ee/1610108395/satirical-column-what-does-estonia-s-political-elite-think-about-today-s-solar-eclipse,Satirical column. What does Estonia's political elite think about today's solar eclipse?,2026-08-12,2026-08-12_13.23.22
https://news.err.ee/1610108284/tallinn-s-trolleybus-service-to-reach-lasnamae-in-3-years,Tallinn's trolleybus service to reach Lasnamäe in 3 years,2026-08-12,2026-08-12_13.23.22
https://news.err.ee/1610108365/snake-under-terrace-left-alone-after-rescuers-decide-not-to-tear-up-structure,Snake under terrace left alone after rescuers decide not to tear up structure,2026-08-12,2026-08-12_13.23.22
https://news.err.ee/1610108263/post-ww2-baby-boom-did-not-happen-in-estonia-due-to-repressions,Post-WW2 baby boom did not happen in Estonia due to repressions,2026-08-12,2026-08-12_13.23.22
https://news.err.ee/1610107693/expert-european-forests-at-the-threshold-of-major-changes,Expert: European forests at the threshold of major changes,2026-08-12,2026-08-12_13.23.22
https://news.err.ee/1610108425/55-signatures-and-counting-for-ulle-madise-s-presidential-bid-parties-meet-with-land-madise,"55 signatures and counting for Ülle Madise's presidential bid; parties meet with Land, Madise",2026-08-12,2026-08-12_16.03.29
https://news.err.ee/1610108248/fatboy-slim-will-perform-in-estonia-for-the-first-time-in-november,Fatboy Slim will perform in Estonia for the first time in November,2026-08-12,2026-08-12_16.03.29
https://news.err.ee/1610108227/new-houses-must-be-more-accessible-for-people-with-special-needs,New houses must be more accessible for people with special needs,2026-08-12,2026-08-12_16.03.29
https://news.err.ee/1610108512/bill-proposes-banning-people-convicted-of-serious-crimes-from-changing-their-name,Bill proposes banning people convicted of serious crimes from changing their name,2026-08-12,2026-08-12_16.03.29
https://news.err.ee/1610109091/mp-proposes-endorsing-tiit-land-to-riigikogu-independents,MP proposes endorsing Tiit Land to Riigikogu independents,2026-08-13,2026-08-13_07.43.26
https://news.err.ee/1610109109/eneli-jefimova-just-outside-100m-breaststroke-european-champs-medals,Eneli Jefimova just outside 100m breaststroke European champs medals,2026-08-13,2026-08-13_07.43.26
https://news.err.ee/1610109094/estonian-athletes-see-mixed-results-at-european-championships-wednesday,Estonian athletes see mixed results at European Championships Wednesday,2026-08-13,2026-08-13_07.43.26
https://news.err.ee/1610109073/baltics-first-ai-factory-to-open-in-estonia,Baltics' first AI factory to open in Estonia,2026-08-13,2026-08-13_07.43.26
https://news.err.ee/1610109013/estonia-preparing-to-pass-the-country-s-first-space-law,Estonia preparing to pass the country's first space law,2026-08-13,2026-08-13_07.43.26
https://news.err.ee/1610109052/gallery-partial-solar-eclipse-viewed-from-tallinn,Gallery: Partial solar eclipse viewed from Tallinn,2026-08-13,2026-08-13_07.43.26
https://news.err.ee/1610109028/experts-on-traffic-controller-death-a-problem-of-traffic-culture,Experts on traffic controller death: A problem of traffic culture,2026-08-13,2026-08-13_07.43.26
https://news.err.ee/1610108998/several-new-narcotic-substances-discovered-in-estonia-during-customs-checks,Several new narcotic substances discovered in Estonia during customs checks,2026-08-13,2026-08-13_07.43.26
https://news.err.ee/1610109124/accommodations-up-4-year-over-year-as-tourism-bounces-back-to-pre-crisis-level,Accommodations up 4% year-over-year as tourism bounces back to pre-crisis level,2026-08-13,2026-08-13_10.14.47
https://news.err.ee/1610109211/estonia-extends-overnight-russia-border-closures-indefinitely,Estonia extends overnight Russia border closures indefinitely,2026-08-13,2026-08-13_10.14.47
https://news.err.ee/1610108479/new-studies-show-childhood-habits-long-term-health-impact,New studies show childhood habits' long-term health impact,2026-08-13,2026-08-13_10.14.47
https://news.err.ee/1610109076/audit-261-million-in-public-estonian-funds-sat-awaiting-investment,Audit: €261 million in public Estonian funds sat awaiting investment,2026-08-13,2026-08-13_10.14.47
https://news.err.ee/1610109067/justice-minister-rejects-uk-s-plan-of-sending-its-prisoners-to-estonia,Justice minister rejects UK's plan of sending its prisoners to Estonia,2026-08-13,2026-08-13_10.14.47
https://news.err.ee/1610109265/argo-ideon-the-purpose-of-russia-s-parliamentary-elections-is-to-secure-kremlin-power,Argo Ideon: The purpose of Russia's 'parliamentary elections' is to secure Kremlin power,2026-08-13,2026-08-13_13.24.46
https://news.err.ee/1610109277/paide-out-of-uefa-conference-league-after-rapid-vienna-loss,Paide out of UEFA Conference League after Rapid Vienna loss,2026-08-13,2026-08-13_13.24.46
https://news.err.ee/1610109391/eesti-pank-to-issue-hiiumaa-themed-2-coin,Eesti Pank to issue Hiiumaa‑themed €2 coin,2026-08-13,2026-08-13_13.24.46
https://news.err.ee/1610109220/economy-minister-rejects-proposed-restrictions-on-nicotine-products,Economy minister rejects proposed restrictions on nicotine products,2026-08-13,2026-08-13_13.24.46
https://news.err.ee/1610109163/gallery-tallinn-s-tv-tower-exhibition-spotlights-estonian-german-ties,Gallery: Tallinn's TV Tower exhibition spotlights Estonian-German ties,2026-08-13,2026-08-13_13.24.46
https://news.err.ee/1610109175/estonia-s-state-fleet-takes-delivery-of-cutting-edge-cow-dung-powered-vessel,Estonia's State Fleet takes delivery of cutting-edge cow dung-powered vessel,2026-08-13,2026-08-13_13.24.46
https://news.err.ee/1610109352/number-of-mps-backing-ulle-madise-as-estonia-s-next-president-rises-to-62,Number of MPs backing Ülle Madise as Estonia's next president rises to 62,2026-08-13,2026-08-13_13.24.46
https://news.err.ee/1610108335/expert-urges-people-to-keep-expectations-low-in-the-garden,Expert urges people to keep expectations low in the garden,2026-08-13,2026-08-13_13.24.46
https://news.err.ee/1610109136/moby-on-tallinn-punk-roots-veganism-and-why-he-gives-music-away-for-free,"Moby on Tallinn, punk roots, veganism and why he gives music away for free",2026-08-13,2026-08-13_13.24.46
https://news.err.ee/1610109472/pm-land-joining-madise-in-race-should-make-the-election-interesting,PM: Land joining Madise in race 'should make the election interesting',2026-08-13,2026-08-13_16.03.35
https://news.err.ee/1610109373/airbaltic-says-it-will-continue-flying-from-tallinn,AirBaltic says it will continue flying from Tallinn,2026-08-13,2026-08-13_16.03.35
https://news.err.ee/1610109307/wildlife-expert-rising-bear-numbers-could-increase-risk-of-human-attacks,Wildlife expert: Rising bear numbers could increase risk of human attacks,2026-08-13,2026-08-13_16.03.35
https://news.err.ee/1610110051/estonians-defrauded-of-13-2-million-in-first-6-months-of-2026,Estonians defrauded of €13.2 million in first 6 months of 2026,2026-08-14,2026-08-14_04.53.49
https://news.err.ee/1610110135/unemployment-heads-down-in-second-quarter,Unemployment heads down in second quarter,2026-08-14,2026-08-14_07.41.04
https://news.err.ee/1610109424/review-the-cure-s-tallinn-concert-delivered-a-powerful-finale-to-a-packed-music-summer,Review. The Cure's Tallinn concert delivered a powerful finale to a packed music summer,2026-08-14,2026-08-14_07.41.04
https://news.err.ee/1610110159/karel-tilga-5th-in-the-decathlon-as-european-championships-near-climax,Karel Tilga 5th in the decathlon as European Championships near climax,2026-08-14,2026-08-14_07.41.04
https://news.err.ee/1610109451/minister-land-valuation-will-not-deliver-automatic-land-tax-hike,Minister: Land valuation will not deliver automatic land tax hike,2026-08-14,2026-08-14_07.41.04
https://news.err.ee/1610110099/prosecutor-s-office-asked-to-review-practice-of-email-searches-without-court-authorization,Prosecutor's Office asked to review practice of email searches without court authorization,2026-08-14,2026-08-14_07.41.04
https://news.err.ee/1610109409/fewer-tuberculosis-cases-prompt-estonia-to-rethink-universal-vaccination,Fewer tuberculosis cases prompt Estonia to rethink universal vaccination,2026-08-14,2026-08-14_07.41.04
https://news.err.ee/1610110063/preparations-for-the-arrival-of-swedish-prisoners-reach-home-stretch,Preparations for the arrival of Swedish prisoners reach home stretch,2026-08-14,2026-08-14_07.41.04
https://news.err.ee/1610110252/security-researchers-deterrence-goes-beyond-stockpiling-weapons,Security researchers: Deterrence goes beyond stockpiling weapons,2026-08-14,2026-08-14_10.10.44
https://news.err.ee/1610110156/parnu-to-scrap-public-packaging-containers-under-new-waste-rules,Pärnu to scrap public packaging containers under new waste rules,2026-08-14,2026-08-14_10.10.44
https://news.err.ee/1610110333/construction-of-new-us-embassy-building-in-tallinn-to-start-next-fall,Construction of new US Embassy building in Tallinn to start next fall,2026-08-14,2026-08-14_10.10.44
https://news.err.ee/1610110303/presidential-hopeful-tiit-land-i-am-no-pawn-in-any-political-game,Presidential hopeful Tiit Land: 'I am no pawn in any political game',2026-08-14,2026-08-14_10.10.44
https://news.err.ee/1610110144/gallery-artist-natalia-mirzoyan-captures-estonia-through-a-newcomer-s-eyes,Gallery: Artist Natalia Mirzoyan captures Estonia through a newcomer's eyes,2026-08-14,2026-08-14_10.10.44
https://news.err.ee/1610109433/olympic-committee-chief-transgender-athlete-rule-changes-not-affected-sport-in-estonia,Olympic committee chief: Transgender athlete rule changes not affected sport in Estonia,2026-08-14,2026-08-14_10.10.44
https://news.err.ee/1610110273/nordic-baltic-hydrogen-corridor-project-still-in-early-stages,Nordic–Baltic hydrogen corridor project still in early stages,2026-08-14,2026-08-14_13.19.29
https://news.err.ee/1610110522/police-more-than-50-irregular-migrants-detained-in-estonia-claim-to-be-minors,Police: more than 50 irregular migrants detained in Estonia claim to be minors,2026-08-14,2026-08-14_13.19.29
https://news.err.ee/1610110519/tallinn-fringe-festival-gets-underway-next-week-with-biggest-program-yet,Tallinn Fringe Festival gets underway next week with biggest program yet,2026-08-14,2026-08-14_13.19.29
https://news.err.ee/1610110267/ilu-hack-pop-up-pood-estonian-english-mixing-thrives-in-compound-nouns,"Ilu-hack, pop-up pood: Estonian-English mixing thrives in compound nouns",2026-08-14,2026-08-14_13.19.29
https://news.err.ee/1610110213/indrek-ibrus-a-city-is-a-meeting-place-not-a-highway,"Indrek Ibrus: A city is a meeting place, not a highway",2026-08-14,2026-08-14_13.19.29
https://news.err.ee/1610109439/journalist-sex-ad-platforms-in-estonia-can-make-big-money-pimping-hard-to-prove,"Journalist: Sex ad platforms in Estonia can make big money, pimping hard to prove",2026-08-14,2026-08-14_13.19.29
https://news.err.ee/1610110432/statistics-estonia-adjusts-down-severity-of-estonia-s-recession,Statistics Estonia adjusts down severity of Estonia's recession,2026-08-14,2026-08-14_13.19.29
https://news.err.ee/1610110366/nebius-representative-the-company-has-no-history-with-yandex,Nebius representative: the company has no history with Yandex,2026-08-14,2026-08-14_13.19.29
https://news.err.ee/1610110147/gallery-55-illustrators-bring-pinocchio-to-life-for-tallinn-show,Gallery: 55 illustrators bring Pinocchio to life for Tallinn show,2026-08-14,2026-08-14_13.19.29
https://news.err.ee/1610110327/tallinna-fc-flora-out-of-uefa-conference-league-after-home-loss,Tallinna FC Flora out of UEFA Conference League after home loss,2026-08-14,2026-08-14_13.19.29
https://news.err.ee/1610110420/estonian-swimmers-advance-and-break-record-at-euro-championships-in-paris,Estonian swimmers advance and break record at Euro championships in Paris,2026-08-14,2026-08-14_15.57.35
https://news.err.ee/1610110540/land-gains-ground-with-independent-mps-in-bid-for-presidential-nomination,Land gains ground with independent MPs in bid for presidential nomination,2026-08-14,2026-08-14_15.57.35
https://news.err.ee/1610110384/estonian-pork-industry-squeezed-as-cheap-imports-fill-production-gap,Estonian pork industry squeezed as cheap imports fill production gap,2026-08-14,2026-08-14_15.57.35
https://news.err.ee/1610110357/levadia-football-training-hall-set-for-lasnamae-after-several-years-delays,Levadia football training hall set for Lasnamäe after several years' delays,2026-08-14,2026-08-14_15.57.35
https://news.err.ee/1610110393/edf-russian-mobilization-would-put-pressure-on-ukraine-and-change-wider-security-situation,EDF: Russian mobilization would put pressure on Ukraine and change wider security situation,2026-08-14,2026-08-14_19.02.26
https://news.err.ee/1610111068/edf-in-so-called-gap-year-but-active-duty-personnel-training-still-not-underway,EDF in so-called gap year but active-duty personnel training still not underway,2026-08-15,2026-08-15_06.48.47
https://news.err.ee/1610111062/estonia-s-traffic-deaths-up-compared-to-the-same-period-last-year,Estonia's traffic deaths up compared to the same period last year,2026-08-15,2026-08-15_06.48.47
https://news.err.ee/1610110399/estonian-short-film-earns-nod-from-hollywood-shortsfest,Estonian short film earns nod from Hollywood Shortsfest,2026-08-15,2026-08-15_06.48.47
https://news.err.ee/1610110495/anton-aleksejev-putin-does-not-know-the-people-he-lives-among,Anton Aleksejev: Putin does not know the people he lives among,2026-08-15,2026-08-15_09.31.28
https://news.err.ee/1610111107/mounting-public-interest-seeing-teachers-brush-up-on-drone-knowledge,Mounting public interest seeing teachers brush up on drone knowledge,2026-08-15,2026-08-15_09.31.28
https://news.err.ee/1610110468/gallery-ukrainian-children-s-fairytale-art-from-kharkiv-reaches-estonia,Gallery: Ukrainian children's fairytale art from Kharkiv reaches Estonia,2026-08-15,2026-08-15_09.31.28
https://news.err.ee/1610110489/reform-party-wants-former-ekre-mp-as-next-riigikogu-defense-committee-chair,Reform Party wants former EKRE MP as next Riigikogu Defense Committee chair,2026-08-15,2026-08-15_09.31.28
https://news.err.ee/1610111083/drone-surveillance-system-starts-work-on-narva-river,Drone surveillance system starts work on Narva River,2026-08-15,2026-08-15_09.31.28
https://news.err.ee/1610111080/demand-for-specialists-remains-high-as-estonia-s-unemployment-falls-slightly,Demand for specialists remains high as Estonia's unemployment falls slightly,2026-08-15,2026-08-15_09.31.28
https://news.err.ee/1610111158/swiping-a-few-apples-may-have-ended-in-a-beating-in-19th-century-estonia,Swiping a few apples may have ended in a beating in 19th century Estonia,2026-08-15,2026-08-15_12.49.06
https://news.err.ee/1610111194/tallinn-mulling-night-time-work-for-liivalaia-street-reconstruction,Tallinn mulling night-time work for Liivalaia street reconstruction,2026-08-15,2026-08-15_15.27.23
https://news.err.ee/1610111509/lavly-perling-re-elected-chair-of-parempoolsed,Lavly Perling re-elected chair of Parempoolsed,2026-08-16,2026-08-16_06.49.51
https://news.err.ee/1610111503/tallinn-residents-increasingly-encountering-rats,Tallinn residents increasingly encountering rats,2026-08-16,2026-08-16_06.49.51
https://news.err.ee/1610111491/gallery-parnu-literature-festival-faces-an-uncertain-future,Gallery: Pärnu Literature Festival faces an uncertain future,2026-08-16,2026-08-16_06.49.51
https://news.err.ee/1610111578/estonia-s-bear-population-is-rising-as-hunting-becomes-more-difficult,Estonia's bear population is rising as hunting becomes more difficult,2026-08-16,2026-08-16_09.33.15
https://news.err.ee/1610111611/gallery-reform-party-s-tallinn-branch-elects-new-chairman,Gallery: Reform Party's Tallinn branch elects new chairman,2026-08-16,2026-08-16_16.23.19
https://news.err.ee/1610111944/justice-chancellor-ulle-madise-to-run-for-president,Justice chancellor Ülle Madise to run for president,2026-08-17,2026-08-17_06.53.55
https://news.err.ee/1610112013/3-estonian-competitors-got-top-10-finishes-at-european-athletics-champs,3 Estonian competitors got top-10 finishes at European athletics champs,2026-08-17,2026-08-17_06.53.55
https://news.err.ee/1610111962/outdoor-swimming-area-to-be-built-at-tallinn-s-kalasadam,Outdoor swimming area to be built at Tallinn's Kalasadam,2026-08-17,2026-08-17_06.53.55
https://news.err.ee/1610112073/minister-plans-new-forestry-council-to-bridge-deep-policy-divides,Minister plans new forestry council to bridge deep policy divides,2026-08-17,2026-08-17_08.42.26
https://news.err.ee/1610112136/ulle-madise-meets-with-mps-to-discuss-presidential-candidacy,Ülle Madise meets with MPs to discuss presidential candidacy,2026-08-17,2026-08-17_08.42.26
https://news.err.ee/1610112019/linnahall-shooting-range-in-tallinn-could-cost-millions-to-make-work,Linnahall shooting range in Tallinn could cost millions to make work,2026-08-17,2026-08-17_08.42.26
https://news.err.ee/1610112031/eneli-jefimova-goes-home-from-european-swimming-championships-without-a-medal,Eneli Jefimova goes home from European swimming championships without a medal,2026-08-17,2026-08-17_08.42.26
https://news.err.ee/1610112160/35th-anniversary-of-estonia-s-restoration-of-independence-to-marked-at-toompea,35th anniversary of Estonia's restoration of independence to marked at Toompea,2026-08-17,2026-08-17_10.32.05
https://news.err.ee/1610112220/top-finnish-conductor-esa-pekka-salonen-estonia-music-scene-one-of-the-most-interesting,Top Finnish conductor Esa-Pekka Salonen: Estonia music scene 'one of the most interesting',2026-08-17,2026-08-17_10.32.05
https://news.err.ee/1610112148/aivo-vaske-bits-move-fast-atoms-much-more-slowly,"Aivo Vaske: Bits move fast, atoms much more slowly",2026-08-17,2026-08-17_10.32.05
https://news.err.ee/1610112187/land-calls-madise-a-strong-rival-but-says-he-will-stay-in-the-race,Land calls Madise a strong rival but says he will stay in the race,2026-08-17,2026-08-17_10.32.05
https://news.err.ee/1610112118/pillak-anyone-who-wants-to-leave-reform-should-do-so-sooner-rather-than-later,Pillak: Anyone who wants to leave Reform should do so sooner rather than later,2026-08-17,2026-08-17_10.32.05
https://news.err.ee/1610112178/parnu-council-ousts-mayor-elects-isamaa-s-siim-suursild,"Pärnu council ousts mayor, elects Isamaa's Siim Suursild",2026-08-17,2026-08-17_12.41.31
https://news.err.ee/1610112334/pictures-illustrator-eiko-ojala-s-first-solo-exhibition-opens-in-viljandi,Pictures: illustrator Eiko Ojala's first solo exhibition opens in Viljandi,2026-08-17,2026-08-17_12.41.31
https://news.err.ee/1610112169/local-flavors-shine-along-estonian-lake-s-175-kilometer-food-festival-route,Local flavors shine along Estonian lake's 175-kilometer food festival route,2026-08-17,2026-08-17_12.41.31
https://news.err.ee/1610112163/narva-marks-restoration-of-independence-day-with-picnic-and-large-sing-along,Narva marks Restoration of Independence Day with picnic and large sing‑along,2026-08-17,2026-08-17_12.41.31
https://news.err.ee/1610112097/saudi-arabian-retail-giant-wins-bid-for-bankrupt-estonian-dairy-plants,Saudi Arabian retail giant wins bid for bankrupt Estonian dairy plants,2026-08-17,2026-08-17_12.41.31
https://news.err.ee/1610112160/35th-anniversary-of-estonia-s-restoration-of-independence-to-be-marked-at-toompea,35th anniversary of Estonia's restoration of independence to be marked at Toompea,2026-08-17,2026-08-17_12.41.31
https://news.err.ee/1610112310/wildlife-expert-no-large-wild-animal-in-estonia-seeks-to-attack-humans,Wildlife expert: No large wild animal in Estonia seeks to attack humans,2026-08-17,2026-08-17_14.27.21
https://news.err.ee/1610112406/nurse-shortage-remains-severe-in-estonia-despite-higher-enrollment,Nurse shortage remains severe in Estonia despite higher enrollment,2026-08-17,2026-08-17_14.27.21
https://news.err.ee/1610112265/lego-donation-from-estonia-helps-kenyan-girls-build-science-skills,Lego donation from Estonia helps Kenyan girls build science skills,2026-08-17,2026-08-17_14.27.21
https://news.err.ee/1610112190/estonian-refugee-council-to-expand-operations-in-gaza-and-west-bank,Estonian Refugee Council to expand operations in Gaza and West Bank,2026-08-17,2026-08-17_14.27.21
https://news.err.ee/1610112388/tallinn-public-transport-traffic-disruptions-confirmed-over-ironman-weekend,"Tallinn public transport, traffic disruptions confirmed over Ironman weekend",2026-08-17,2026-08-17_16.26.18
https://news.err.ee/1610112370/tune-in-err-picks-on-estonia-s-restoration-of-independence-day,Tune in: ERR picks on Estonia's Restoration of Independence Day,2026-08-18,2026-08-18_07.09.41
https://news.err.ee/1610112784/elron-s-eastbound-tallinn-narva-rail-service-halted-by-infrastructure-damage,Elron's eastbound Tallinn–Narva rail service halted by infrastructure damage,2026-08-18,2026-08-18_07.09.41
https://news.err.ee/1610112217/mari-liis-soot-when-changing-penal-policy-we-must-keep-a-cool-head,"Mari‑Liis Sööt: When changing penal policy, we must keep a cool head",2026-08-18,2026-08-18_07.09.41
https://news.err.ee/1610112757/estonian-farmers-to-rally-in-tallinn-against-major-subsidy-cuts,Estonian farmers to rally in Tallinn against major subsidy cuts,2026-08-18,2026-08-18_07.09.41
https://news.err.ee/1610112745/scientists-recommend-not-swimming-in-bog-pools-to-help-retain-biodiversity,Scientists recommend not swimming in bog pools to help retain biodiversity,2026-08-18,2026-08-18_07.09.41
https://news.err.ee/1610112268/animation-festival-in-japan-to-spotlight-estonia-s-priit-and-olga-parn,Animation festival in Japan to spotlight Estonia's Priit and Olga Pärn,2026-08-18,2026-08-18_07.09.41
https://news.err.ee/1610112763/delfi-poll-nearly-a-third-back-ulle-madise-as-next-president,Delfi poll: Nearly a third back Ülle Madise as next president,2026-08-18,2026-08-18_08.35.58
https://news.err.ee/1610112787/estonian-traders-not-daunted-by-ban-on-destroying-unsold-clothing,Estonian traders not daunted by ban on destroying unsold clothing,2026-08-18,2026-08-18_08.35.58
https://news.err.ee/1610112328/estonia-s-war-museums-small-sites-struggle-national-museum-thriving,"Estonia's war museums: Small sites struggle, national museum thriving",2026-08-18,2026-08-18_10.28.09
https://news.err.ee/1610112781/eu-packaging-rule-change-prompts-confusion-online-shops-halt-foreign-orders,"EU packaging rule change prompts confusion, online shops halt foreign orders",2026-08-18,2026-08-18_10.28.09
https://news.err.ee/1610112391/maarja-vaino-to-read-or-to-become-dim-witted,"Maarja Vaino: To read, or to become dim-witted",2026-08-18,2026-08-18_10.28.09
https://news.err.ee/1610113024/photos-the-first-swedish-prisoners-have-arrived-in-estonia,Photos: The first Swedish prisoners have arrived in Estonia,2026-08-18,2026-08-18_12.43.22
https://news.err.ee/1610113021/tallinn-deputy-mayor-854-youths-without-study-place-2-weeks-before-new-school-year,Tallinn deputy mayor: 854 youths without study place 2 weeks before new school year,2026-08-18,2026-08-18_12.43.22
https://news.err.ee/1610113087/center-party-backs-tiit-land-for-estonia-s-presidency,Center Party backs Tiit Land for Estonia's presidency,2026-08-18,2026-08-18_12.43.22
https://news.err.ee/1610112991/ex-reform-mp-no-one-s-collecting-signatures-for-land-s-presidential-bid,Ex-Reform MP: No one's collecting signatures for Land's presidential bid,2026-08-18,2026-08-18_12.43.22
https://news.err.ee/1610112784/elron-resumes-tallinn-narva-rail-service-on-eastbound-route,Elron resumes Tallinn–Narva rail service on eastbound route,2026-08-18,2026-08-18_12.43.22
https://news.err.ee/1610112823/revoking-swedish-prison-rental-scheme-just-requires-political-will,Revoking Swedish prison rental scheme just requires political will,2026-08-18,2026-08-18_12.43.22
https://news.err.ee/1610113084/apartment-prices-differ-51-times-in-estonia-s-most-expensive-and-cheapest-cities,Apartment prices differ 51 times in Estonia's most expensive and cheapest cities,2026-08-18,2026-08-18_12.43.22
https://news.err.ee/1610112805/expert-russia-s-war-driven-economic-boom-is-running-out-of-steam,Expert: Russia's war‑driven economic boom is running out of steam,2026-08-18,2026-08-18_12.43.22
https://news.err.ee/1610112820/climate-physicist-el-ni-o-to-bring-higher-food-prices-to-estonia,Climate physicist: El Niño to bring higher food prices to Estonia,2026-08-18,2026-08-18_12.43.22
https://news.err.ee/1610113006/holdout-reform-mp-backs-justice-chancellor-presidential-bid-signatures-reach-63,"Holdout Reform MP backs justice chancellor presidential bid, signatures reach 63",2026-08-18,2026-08-18_12.43.22
https://news.err.ee/1610112910/erkki-keldo-idealizing-others-success-overshadows-estonia-s-economic-growth,Erkki Keldo: Idealizing others' success overshadows Estonia's economic growth,2026-08-18,2026-08-18_14.32.59
https://news.err.ee/1610113189/isamaa-backs-ulle-madise-in-presidential-election,Isamaa backs Ülle Madise in presidential election,2026-08-18,2026-08-18_14.32.59
https://news.err.ee/1610112913/top-swedish-women-s-football-coach-gives-tallinn-talk,Top Swedish women's football coach gives Tallinn talk,2026-08-18,2026-08-18_14.32.59
https://news.err.ee/1610112856/karoliina-ainge-how-big-is-estonia-after-its-next-president,Karoliina Ainge: How big is Estonia after its next president?,2026-08-18,2026-08-18_14.32.59
https://news.err.ee/1610113114/gallery-former-estonian-pms-meet-for-annual-pre-august-20-lunch,Gallery: Former Estonian PMs meet for annual pre-August 20 lunch,2026-08-18,2026-08-18_14.32.59
https://news.err.ee/1610113144/edf-to-combine-medical-services-under-new-battalion-command,EDF to combine medical services under new battalion command,2026-08-18,2026-08-18_14.32.59
https://news.err.ee/1610112841/report-fifth-of-platform-taxi-drivers-and-food-couriers-in-a-career-dead-end,Report: Fifth of platform taxi drivers and food couriers in a career dead end,2026-08-18,2026-08-18_14.32.59
https://news.err.ee/1610113024/photos-first-swedish-prisoners-arrive-at-tartu-under-prison-rental-deal,Photos: First Swedish prisoners arrive at Tartu under prison‑rental deal,2026-08-18,2026-08-18_14.32.59
https://news.err.ee/1610113123/estonian-defense-contractor-milrem-robotics-fire-could-have-been-arson,Estonian defense contractor Milrem Robotics' fire could have been arson,2026-08-18,2026-08-18_14.32.59
https://news.err.ee/1610112847/pesticide-residues-in-agricultural-soils-on-the-rise,Pesticide residues in agricultural soils on the rise,2026-08-18,2026-08-18_19.19.13
https://news.err.ee/1610113981/madise-becomes-clear-front-runner-after-isamaa-endorsement,Madise becomes clear front‑runner after Isamaa endorsement,2026-08-19,2026-08-19_06.44.45
https://news.err.ee/1610113177/gallery-tallinn-s-italy-unexpected-puts-a-fresh-spin-on-italian-night,Gallery: Tallinn's Italy Unexpected puts a fresh spin on 'Italian night',2026-08-19,2026-08-19_06.44.45
https://news.err.ee/1610112826/sunny-summer-means-strong-cucumber-harvest-for-estonia,Sunny summer means strong cucumber harvest for Estonia,2026-08-19,2026-08-19_06.44.45
https://news.err.ee/1610113963/estonian-agency-refuses-to-share-fallen-ukrainian-soldier-s-health-data-with-his-children,Estonian agency refuses to share fallen Ukrainian soldier's health data with his children,2026-08-19,2026-08-19_06.44.45
https://news.err.ee/1610113936/tallinn-criticizes-organization-of-the-state-s-planned-ukraine-recovery-conference,Tallinn criticizes organization of the state's planned Ukraine recovery conference,2026-08-19,2026-08-19_06.44.45
https://news.err.ee/1610114449/gallery-president-of-iceland-starts-state-visit-to-estonia,Gallery: President of Iceland starts state visit to Estonia,2026-08-19,2026-08-19_14.37.40
https://news.err.ee/1610114185/estonian-firefighters-describe-intense-heat-backburn-tactics-on-sardinia-deployment,"Estonian firefighters describe intense heat, backburn tactics on Sardinia deployment",2026-08-19,2026-08-19_14.37.40
https://news.err.ee/1610114137/rare-amur-leopard-at-tallinn-zoo-dies-at-age-22,Rare Amur leopard at Tallinn Zoo dies at age 22,2026-08-19,2026-08-19_14.37.40
https://news.err.ee/1610114128/kersti-kiviruut-multiperspectival-history-lessons-in-the-service-of-the-nation-state,Kersti Kivirüüt: Multiperspectival history lessons in the service of the nation state,2026-08-19,2026-08-19_14.37.40
https://news.err.ee/1610114125/saaremaa-was-planted-with-a-saaremaa-shaped-cornfield,Saaremaa was planted with a Saaremaa‑shaped cornfield,2026-08-19,2026-08-19_14.37.40
https://news.err.ee/1610114107/estonia-s-ambassador-to-ukraine-presents-credentials-to-president-zelenskyy,Estonia's ambassador to Ukraine presents credentials to President Zelenskyy,2026-08-19,2026-08-19_14.37.40
https://news.err.ee/1610114176/taltech-rector-concedes-presidential-race-as-ulle-madise-emerges-as-sole-candidate,TalTech rector concedes presidential race as Ülle Madise emerges as sole candidate,2026-08-19,2026-08-19_14.37.40
https://news.err.ee/1610114095/former-nomme-kalju-striker-promise-david-joins-brighton-hove-albion,Former Nõmme Kalju striker Promise David joins Brighton & Hove Albion,2026-08-19,2026-08-19_14.37.40
https://news.err.ee/1610114074/juhan-kivirahk-how-to-explain-pictures-to-a-half-dead-government,Juhan Kivirähk: How to explain pictures to a (half)dead government?,2026-08-19,2026-08-19_14.37.40
https://news.err.ee/1610113132/baz-luhrmann-directed-moulin-rouge-bags-tartuff-festival-audience-award,Baz Luhrmann-directed 'Moulin Rouge' bags Tartuff festival audience award,2026-08-19,2026-08-19_14.37.40
https://news.err.ee/1610114578/2-suspects-detained-over-suspected-arson-at-milrem-robotics-factory-in-estonia,2 suspects detained over suspected arson at Milrem Robotics factory in Estonia,2026-08-19,2026-08-19_16.32.46
https://news.err.ee/1610114569/former-eesti-200-mp-joins-parempoolsed,Former Eesti 200 MP joins Parempoolsed,2026-08-19,2026-08-19_16.32.46
https://news.err.ee/1610114467/estonian-raw-milk-producer-to-buy-latvia-s-largest-dairy-plant,Estonian raw milk producer to buy Latvia's largest dairy plant,2026-08-19,2026-08-19_16.32.46
https://news.err.ee/1610114578/3-suspects-detained-over-suspected-arson-at-milrem-robotics-factory-in-estonia,3 suspects detained over suspected arson at Milrem Robotics factory in Estonia,2026-08-20,2026-08-20_01.10.11
https://news.err.ee/1610114887/gallery-tv-tower-defenders-lead-independence-restoration-day-flag-raising,Gallery: TV Tower defenders lead Independence Restoration Day flag-raising,2026-08-20,2026-08-20_06.43.23
https://news.err.ee/1610114044/presidential-candidate-ulle-madise-estonia-must-look-to-its-own-interests,Presidential candidate Ülle Madise: Estonia must look to its own interests,2026-08-20,2026-08-20_06.43.23
https://news.err.ee/1610114224/10-simple-ways-to-banish-pesky-fruit-flies-from-your-home,10 simple ways to banish pesky fruit flies from your home,2026-08-20,2026-08-20_08.37.44
https://news.err.ee/1610114992/court-rejects-tallinn-resident-s-appeal-against-late-night-roadworks,Court rejects Tallinn resident's appeal against late night roadworks,2026-08-20,2026-08-20_08.37.44
https://news.err.ee/1610111152/ilmar-tomusk-switch-to-estonian-language-education-took-decades-too-long,Ilmar Tomusk: Switch to Estonian-language education took decades too long,2026-08-20,2026-08-20_08.37.44
https://news.err.ee/1610114920/police-detain-6-illegal-immigrants-at-tallinn-islamic-center,Police detain 6 illegal immigrants at Tallinn Islamic Center,2026-08-20,2026-08-20_08.37.44
https://news.err.ee/1610115007/riigikogu-speaker-freedom-should-never-be-taken-for-granted,Riigikogu speaker: Freedom should never be taken for granted,2026-08-20,2026-08-20_10.29.54
https://news.err.ee/1610115010/prime-minister-as-a-nation-we-are-now-wealthier-than-ever-before,"Prime minister: As a nation, we are now wealthier than ever before",2026-08-20,2026-08-20_10.29.54
https://news.err.ee/1610115100/international-student-interest-in-estonian-universities-rising-again,International student interest in Estonian universities rising again,2026-08-20,2026-08-20_12.47.00
https://news.err.ee/1610115076/gallery-joint-session-of-riigikogu-august-20-club-marks-35-years-of-restored-independence,"Gallery: Joint session of Riigikogu, August 20 Club marks 35 years of restored independence",2026-08-20,2026-08-20_12.47.00
https://news.err.ee/1610115067/tartu-marks-restoration-of-independence-day-with-music-dance-and-bell-ringing,"Tartu marks Restoration of Independence Day with music, dance and bell ringing",2026-08-20,2026-08-20_12.47.00
https://news.err.ee/1610115061/estonia-s-population-13-percent-smaller-than-it-was-when-independence-restored,Estonia's population 13 percent smaller than it was when independence restored,2026-08-20,2026-08-20_12.47.00
https://news.err.ee/1610115139/gallery-noted-music-acts-rock-toompea-for-restoration-of-independence-day,Gallery: Noted music acts rock Toompea for Restoration of Independence Day,2026-08-20,2026-08-20_14.35.57
https://news.err.ee/1610115649/eight-more-migrants-who-arrived-illegally-in-estonia-handed-over-to-latvia,Eight more migrants who arrived illegally in Estonia handed over to Latvia,2026-08-21,2026-08-21_06.44.08
https://news.err.ee/1610115629/long-range-air-defense-decision-expected-in-september-budget-talks,Long‑range air defense decision expected in September budget talks,2026-08-21,2026-08-21_06.44.08
https://news.err.ee/1610115025/gallery-rare-triplet-calves-make-first-outdoor-trip-at-jarva-farm,Gallery: Rare triplet calves make first outdoor trip at Järva farm,2026-08-21,2026-08-21_06.44.08
https://news.err.ee/1610115139/gallery-top-music-acts-rock-toompea-for-restoration-of-independence-day,Gallery: Top music acts rock Toompea for Restoration of Independence Day,2026-08-21,2026-08-21_06.44.08
https://news.err.ee/1610115703/indrek-neivelt-poland-turned-from-an-ugly-duckling-into-a-swan,Indrek Neivelt: Poland turned from an ugly duckling into a swan,2026-08-21,2026-08-21_08.40.13
https://news.err.ee/1610115679/district-heating-prices-set-to-rise-ahead-of-winter,District heating prices set to rise ahead of winter,2026-08-21,2026-08-21_08.40.13
https://news.err.ee/1610116063/public-opinion-poll-identifies-madise-as-top-presidential-choice,Public opinion poll identifies Madise as top presidential choice,2026-08-21,2026-08-21_10.29.51
https://news.err.ee/1610116051/madise-s-supporters-to-submit-her-candidacy-on-monday,Madise's supporters to submit her candidacy on Monday,2026-08-21,2026-08-21_10.29.51
https://news.err.ee/1610115745/prime-minister-preferences-split-evenly-in-new-august-poll,Prime minister preferences split evenly in new August poll,2026-08-21,2026-08-21_10.29.51
https://news.err.ee/1610116087/estonia-pushes-112-accessibility-deadline-to-2027-as-service-falls-short,Estonia pushes 112 accessibility deadline to 2027 as service falls short,2026-08-21,2026-08-21_12.44.28
https://news.err.ee/1610116084/after-five-years-in-office-president-alar-karis-has-chores-waiting-at-home,"After five years in office, President Alar Karis has chores waiting at home",2026-08-21,2026-08-21_12.44.28
https://news.err.ee/1610115718/canadian-estonian-keskfest-marks-home-stretch-for-toronto-center-build,Canadian Estonian KESKfEST marks home stretch for Toronto center build,2026-08-21,2026-08-21_12.44.28
https://news.err.ee/1610116306/photos-tallinn-unveils-redesigned-iceland-square,Photos: Tallinn unveils redesigned Iceland Square,2026-08-21,2026-08-21_14.34.34
https://news.err.ee/1610116189/minister-estonian-tax-rules-prevent-disclosure-of-firms-trading-with-russia,Minister: Estonian tax rules prevent disclosure of firms trading with Russia,2026-08-21,2026-08-21_14.34.34
https://news.err.ee/1610116147/estonian-intel-russia-s-military-losses-outpacing-recruitment,Estonian intel: Russia's military losses outpacing recruitment,2026-08-21,2026-08-21_14.34.34
https://news.err.ee/1610116099/hendrik-johannes-terras-where-will-agriculture-s-546-million-go,Hendrik Johannes Terras: Where will agriculture's €546 million go?,2026-08-21,2026-08-21_14.34.34
https://news.err.ee/1610116288/heavy-rain-and-wind-may-cause-power-outages-over-the-weekend,Heavy rain and wind may cause power outages over the weekend,2026-08-21,2026-08-21_14.34.34
https://news.err.ee/1610116288/orange-weather-warning-issued-as-heavy-rain-and-storm-winds-forecast-for-saturday,Orange weather warning issued as heavy rain and storm winds forecast for Saturday,2026-08-21,2026-08-21_20.24.52
https://news.err.ee/1610116177/jekaterina-maadla-healthcare-workers-solve-language-barriers-on-their-own,Jekaterina Maadla: Healthcare workers solve language barriers on their own,2026-08-22,2026-08-22_06.38.17
https://news.err.ee/1610116693/estonian-investors-ukrainian-shopping-center-hit-in-a-drone-attack,Estonian investors' Ukrainian shopping center hit in a drone attack,2026-08-22,2026-08-22_06.38.17
https://news.err.ee/1610116330/estonia-may-end-automatic-school-payments-for-out-of-district-students,Estonia may end automatic school payments for out-of-district students,2026-08-22,2026-08-22_06.38.17
https://news.err.ee/1610116675/renouncing-russian-citizenship-many-times-more-expensive-than-previously,Renouncing Russian citizenship many times more expensive than previously,2026-08-22,2026-08-22_06.38.17
https://news.err.ee/1610116666/former-estonian-prime-minister-european-commission-vice-president-siim-kallas-dead-at-77,"Former Estonian Prime Minister, European Commission Vice-President Siim Kallas dead at 77",2026-08-22,2026-08-22_06.38.17
https://news.err.ee/1610116303/finance-ministry-denies-plans-to-cut-estonia-s-farm-subsidies,Finance Ministry denies plans to cut Estonia's farm subsidies,2026-08-22,2026-08-22_06.38.17
https://news.err.ee/1610116255/hospital-sees-daily-child-injuries-from-electric-scooter-accidents,Hospital sees daily child injuries from electric scooter accidents,2026-08-22,2026-08-22_08.29.16
https://news.err.ee/1610116756/tonis-saarts-estonia-not-prepared-for-the-epochal-shift,Tõnis Saarts: Estonia not prepared for the epochal shift,2026-08-22,2026-08-22_10.22.44
https://news.err.ee/1610116837/tallinn-s-water-utility-warns-of-flooding-risk,Tallinn's water utility warns of flooding risk,2026-08-22,2026-08-22_12.37.13
https://news.err.ee/1610116828/diana-poder-and-remi-gregori-sassi-the-system-is-a-bigger-obstacle-than-the-disability,Diana Põder and Remi Gregori Sassi: The system is a bigger obstacle than the disability,2026-08-22,2026-08-22_12.37.13
https://news.err.ee/1610116795/kaarel-tarand-a-beggar-s-bag-still-has-room-for-matches,Kaarel Tarand: A beggar's bag still has room for matches,2026-08-22,2026-08-22_12.37.13
https://news.err.ee/1610116840/2-2-traffic-to-be-restored-on-tallinn-s-hipodroomi-intersection-by-school-year-start,2+2 traffic to be restored on Tallinn's Hipodroomi intersection by school year start,2026-08-22,2026-08-22_14.20.56
https://news.err.ee/1610116837/tallinn-s-water-utility-warns-of-flooding-risk-saturday,Tallinn's water utility warns of flooding risk Saturday,2026-08-22,2026-08-22_14.20.56
https://news.err.ee/1610117128/storm-warnings-downgraded-as-rain-wind-linger-across-estonia,"Storm warnings downgraded as rain, wind linger across Estonia",2026-08-23,2026-08-23_06.39.31
https://news.err.ee/1610117152/minister-russia-s-behavior-unchanged-since-molotov-ribbentrop-pact-87-years-on,"Minister: Russia's behavior unchanged since Molotov-Ribbentrop Pact, 87 years on",2026-08-23,2026-08-23_08.29.19
https://news.err.ee/1610117140/french-triathlete-wins-tallinn-ironman-estonian-10th-in-record-field,"French triathlete wins Tallinn Ironman, Estonian 10th in record field",2026-08-23,2026-08-23_08.29.19
https://news.err.ee/1610117167/prime-minister-in-kyiv-russia-shouldn-t-count-on-us-tiring-of-ukraine-support,Prime minister in Kyiv: Russia shouldn't count on us tiring of Ukraine support,2026-08-23,2026-08-23_10.23.13
https://news.err.ee/1610117212/estonia-s-mai-narva-stuns-world-no-4-zhu-to-win-mozambique-chess-tournament,Estonia's Mai Narva stuns world No. 4 Zhu to win Mozambique chess tournament,2026-08-23,2026-08-23_12.37.53
https://news.err.ee/1610117179/kitesurfers-ride-pre-storm-waves-ahead-of-tempest-making-landfall,Kitesurfers ride pre-storm waves ahead of tempest making landfall,2026-08-23,2026-08-23_12.37.53
https://news.err.ee/1610117275/estonian-competitor-wins-ironman-tallinn-half-triathlon-for-2nd-straight-year,Estonian competitor wins Ironman Tallinn half-triathlon for 2nd straight year,2026-08-23,2026-08-23_14.22.44
https://news.err.ee/1610117269/book-of-condolences-opened-for-former-prime-minister-siim-kallas-at-stenbock-house,Book of condolences opened for former prime minister Siim Kallas at Stenbock House,2026-08-23,2026-08-23_14.22.44
https://news.err.ee/1610117521/74-mps-to-nomimate-justice-chancellor-as-presidential-candidate,74 MPs to nomimate justice chancellor as presidential candidate,2026-08-24,2026-08-24_04.43.46
https://news.err.ee/1610117593/study-finds-estonia-must-rent-at-least-300-prison-places-to-make-deal-viable,Study finds Estonia must rent at least 300 prison places to make deal viable,2026-08-24,2026-08-24_06.57.05
https://news.err.ee/1610117566/tallinn-fringe-festival-at-10-how-do-you-fringe,Tallinn Fringe Festival at 10: How do you Fringe?,2026-08-24,2026-08-24_06.57.05
https://news.err.ee/1610117536/poll-43-support-ulle-madise-as-next-president,Poll: 43% support Ülle Madise as next president,2026-08-24,2026-08-24_06.57.05
https://news.err.ee/1610117521/74-mps-to-nominate-justice-chancellor-as-presidential-candidate,74 MPs to nominate justice chancellor as presidential candidate,2026-08-24,2026-08-24_06.57.05
https://news.err.ee/1610117692/fewer-apartments-on-rental-market-ahead-of-new-academic-year,Fewer apartments on rental market ahead of new academic year,2026-08-24,2026-08-24_08.47.09
https://news.err.ee/1610117737/gallery-president-alar-karis-to-mark-ukraine-s-independence-day-in-kyiv,Gallery: President Alar Karis to mark Ukraine's Independence Day in Kyiv,2026-08-24,2026-08-24_08.47.09
https://news.err.ee/1610117656/saaremaa-unveils-renovated-200-year-old-laimjala-manor,Saaremaa unveils renovated 200‑year‑old Laimjala manor,2026-08-24,2026-08-24_08.47.09
https://news.err.ee/1610117644/ratings-sde-up-center-down-as-presidential-race-influences-voters,"Ratings: SDE up, Center down as presidential race influences voters",2026-08-24,2026-08-24_08.47.09
https://news.err.ee/1610117761/study-laughing-at-a-foreign-sounding-estonian-helps-protect-estonian-identity,Study: Laughing at a foreign‑sounding Estonian helps protect Estonian identity,2026-08-24,2026-08-24_10.36.58
https://news.err.ee/1610117755/87-years-since-molotov-ribbentrop-pact-marked-with-memorial-events-across-estonia,87 years since Molotov-Ribbentrop Pact marked with memorial events across Estonia,2026-08-24,2026-08-24_10.36.58
https://news.err.ee/1610117731/artists-donate-124-works-for-emergency-auction-after-700-000-fraud-loss,"Artists donate 124 works for emergency auction after €700,000 fraud loss",2026-08-24,2026-08-24_10.36.58
https://news.err.ee/1610117521/75-mps-nominate-justice-chancellor-as-presidential-candidate,75 MPs nominate justice chancellor as presidential candidate,2026-08-24,2026-08-24_10.36.58
https://news.err.ee/1610118034/iss-calls-for-dedicated-law-to-standardize-background-checks,ISS calls for dedicated law to standardize background checks,2026-08-24,2026-08-24_12.48.05
https://news.err.ee/1610117812/riga-and-vilnius-outpace-tallinn-in-flights-due-to-market-size,Riga and Vilnius outpace Tallinn in flights due to market size,2026-08-24,2026-08-24_12.48.05
https://news.err.ee/1610117986/uk-legends-morcheeba-returning-to-tallinn-in-2027,UK legends Morcheeba returning to Tallinn in 2027,2026-08-24,2026-08-24_12.48.05
https://news.err.ee/1610117776/pre-shoots-for-the-movie-umera-joel-took-place-in-ida-virumaa,Pre‑shoots for the movie 'Ümera jõel' took place in Ida‑Virumaa,2026-08-24,2026-08-24_12.48.05
https://news.err.ee/1610117785/ironman-volunteers-praised-for-weathering-storm-to-support-7-500-athletes,"Ironman volunteers praised for weathering storm to support 7,500 athletes",2026-08-24,2026-08-24_12.48.05
https://news.err.ee/1610118007/gallery-kino-soprus-brings-cinema-screenings-to-lasnamae,Gallery: Kino Sõprus brings cinema screenings to Lasnamäe,2026-08-24,2026-08-24_14.41.33
https://news.err.ee/1610118124/nearly-1-900-basic-school-graduates-still-lack-a-school-place-as-year-begins,"Nearly 1,900 basic school graduates still lack a school place as year begins",2026-08-24,2026-08-24_14.41.33
https://news.err.ee/1610117950/financial-intelligence-unit-awaits-restoration-of-powers-by-riigikogu,Financial Intelligence Unit awaits restoration of powers by Riigikogu,2026-08-24,2026-08-24_14.41.33
https://news.err.ee/1610118010/kaamos-art-grant-to-focus-on-artists-over-60,Kaamos art grant to focus on artists over 60,2026-08-24,2026-08-24_14.41.33
https://news.err.ee/1610117914/government-to-begin-next-year-s-budget-talks-on-tuesday,Government to begin next year's budget talks on Tuesday,2026-08-24,2026-08-24_14.41.33
https://news.err.ee/1610118100/estonian-shooter-wins-world-clay-pigeon-gold-in-sporting-first,Estonian shooter wins world clay pigeon gold in sporting first,2026-08-24,2026-08-24_16.36.43
https://news.err.ee/1610117761/study-laughing-at-a-foreign-sounding-estonian-is-a-defense-mechanism,Study: Laughing at a foreign‑sounding Estonian is a defense mechanism,2026-08-24,2026-08-24_18.40.00
https://news.err.ee/1610118082/police-dog-karmo-finds-missing-woman-in-harju-county-forest,Police dog Karmo finds missing woman in Harju County forest,2026-08-25,2026-08-25_06.44.29
https://news.err.ee/1610118553/madise-only-candidate-for-estonia-s-presidential-election,Madise only candidate for Estonia's presidential election,2026-08-25,2026-08-25_06.44.29
https://news.err.ee/1610118523/budget-2027-reform-wants-to-reduce-deficit-eesti-200-to-support-economy,"Budget 2027: Reform wants to reduce deficit, Eesti 200 to support economy",2026-08-25,2026-08-25_06.44.29
https://news.err.ee/1610118595/former-prime-minister-siim-kallas-state-funeral-takes-place-on-saturday,Former prime minister Siim Kallas' state funeral takes place on Saturday,2026-08-25,2026-08-25_08.41.10
https://news.err.ee/1610118730/a-look-back-at-estonia-s-presidential-elections-episode-1-lennart-meri-1992,"A look back at Estonia's presidential elections | Episode 1: Lennart Meri, 1992",2026-08-25,2026-08-25_08.41.10
https://news.err.ee/1610117926/mari-liis-jakobson-society-needs-freedom-in-academic-research,Mari‑Liis Jakobson: Society needs freedom in academic research,2026-08-25,2026-08-25_08.41.10
https://news.err.ee/1610118028/art-academy-exhibition-imagines-girls-island-as-refuge-from-war,Art academy exhibition imagines girls' island as refuge from war,2026-08-25,2026-08-25_08.41.10
https://news.err.ee/1610118589/estlink-1-undersea-electricity-cable-to-undergo-maintenance-this-week,Estlink 1 undersea electricity cable to undergo maintenance this week,2026-08-25,2026-08-25_08.41.10
https://news.err.ee/1610118634/photos-roadworks-uncover-cobblestone-road-on-tallinn-s-kreutzwaldi-tanav,Photos: Roadworks uncover cobblestone road on Tallinn's Kreutzwaldi tänav,2026-08-25,2026-08-25_10.32.19
https://news.err.ee/1610118607/oil-shale-producers-warn-eu-plan-would-make-oil-production-unprofitable-in-five-years,Oil shale producers warn EU plan would make oil production unprofitable in five years,2026-08-25,2026-08-25_10.32.19
https://news.err.ee/1610118619/tallinn-mulls-taking-education-ministry-to-court-over-new-obligations,Tallinn mulls taking education ministry to court over new obligations,2026-08-25,2026-08-25_10.32.19
https://news.err.ee/1610118748/parents-should-take-children-s-back-to-school-anxiety-seriously-expert-says,"Parents should take children's back-to-school anxiety seriously, expert says",2026-08-25,2026-08-25_12.44.52
https://news.err.ee/1610118970/expert-new-government-powers-give-the-kremlin-more-control-over-the-russian-economy,Expert: New government powers give the Kremlin more control over the Russian economy,2026-08-25,2026-08-25_12.44.52
https://news.err.ee/1610118940/estonian-dual-citizen-faces-4-years-in-prison-for-cooperating-with-russia-s-gru,Estonian dual citizen faces 4 years in prison for cooperating with Russia's GRU,2026-08-25,2026-08-25_12.44.52
https://news.err.ee/1610118697/new-parnu-city-government-would-prefer-to-find-private-operator-for-airport,New Pärnu city government would prefer to find private operator for airport,2026-08-25,2026-08-25_12.44.52
https://news.err.ee/1610118673/artist-says-giving-up-artworks-to-cover-fraud-loss-hurts-less-than-giving-up-studios,Artist says giving up artworks to cover fraud loss hurts less than giving up studios,2026-08-25,2026-08-25_12.44.52
https://news.err.ee/1610118658/edf-attacks-on-russian-online-store-warehouses-affecting-situation-on-the-front-line,EDF: Attacks on Russian online store warehouses affecting situation on the front line,2026-08-25,2026-08-25_12.44.52
https://news.err.ee/1610118988/vanemuine-and-the-latvian-national-opera-swap-stages-for-guest-performances-this-week,Vanemuine and the Latvian National Opera swap stages for guest performances this week,2026-08-25,2026-08-25_14.44.28
https://news.err.ee/1610119042/prosecutor-s-office-expands-isamaa-party-illicit-funding-suspicions,Prosecutor's Office expands Isamaa party illicit funding suspicions,2026-08-25,2026-08-25_14.44.28
https://news.err.ee/1610118892/saue-municipality-e-coli-water-contamination-source-still-unknown,Saue Municipality E. coli water contamination source still unknown,2026-08-25,2026-08-25_14.44.28
https://news.err.ee/1610118817/guilty-verdict-stands-in-parnu-water-park-drowning-case,Guilty verdict stands in Pärnu water park drowning case,2026-08-25,2026-08-25_14.44.28
https://news.err.ee/1610118997/tallinn-fringe-festival-continues-into-2nd-week-with-international-program,Tallinn Fringe Festival continues into 2nd week with international program,2026-08-25,2026-08-25_14.44.28
https://news.err.ee/1610118784/banks-say-estonia-s-economy-strengthens-as-domestic-demand-rises-inflation-eases,"Banks say Estonia's economy strengthens as domestic demand rises, inflation eases",2026-08-25,2026-08-25_14.44.28
https://news.err.ee/1610118931/study-noise-from-wind-turbines-making-baltic-herring-schools-less-dense,Study: Noise from wind turbines making Baltic herring schools less dense,2026-08-26,2026-08-26_06.47.27
https://news.err.ee/1610119051/ppa-pauses-recruiting-assistant-police-officers,PPA pauses recruiting assistant police officers,2026-08-26,2026-08-26_06.47.27
https://news.err.ee/1610119405/new-rules-to-regulate-when-police-should-provide-first-aid,New rules to regulate when police should provide first aid,2026-08-26,2026-08-26_06.47.27
https://news.err.ee/1610119402/poll-ekre-s-support-dips,Poll: EKRE's support dips,2026-08-26,2026-08-26_06.47.27
https://news.err.ee/1610119024/kilvar-kessler-something-has-gone-awry-in-the-european-apparatus,Kilvar Kessler: Something has gone awry in the European apparatus,2026-08-26,2026-08-26_08.42.22
https://news.err.ee/1610119000/criminal-probe-opened-over-ecstasy-drink-spiking-by-estonian-drama-theater-employee,Criminal probe opened over ecstasy drink-spiking by Estonian Drama Theater employee,2026-08-26,2026-08-26_08.42.22
https://news.err.ee/1610119003/government-to-debate-online-casino-tax-break-once-again,Government to debate online casino tax break once again,2026-08-26,2026-08-26_08.42.22
https://news.err.ee/1610118871/rohke-debelak-freedom-arrived-but-the-age-of-awakening-must-not-end,"Rohke Debelak: Freedom arrived, but the age of awakening must not end",2026-08-26,2026-08-26_08.42.22
https://news.err.ee/1610119498/creative-professionals-vexed-by-plan-not-to-increase-state-cultural-award-sums,Creative professionals vexed by plan not to increase state cultural award sums,2026-08-26,2026-08-26_08.42.22
https://news.err.ee/1610119051/ppa-pauses-recruitment-of-assistant-police-officers,PPA pauses recruitment of assistant police officers,2026-08-26,2026-08-26_08.42.22
https://news.err.ee/1610119507/estonia-picks-meie-erika-as-2027-oscar-hopeful,Estonia picks 'Meie Erika' as 2027 Oscar hopeful,2026-08-26,2026-08-26_10.34.55
https://news.err.ee/1610119525/a-look-back-at-estonia-s-presidential-elections-episode-2-lennart-meri-1996,"A look back at Estonia's presidential elections | Episode 2: Lennart Meri, 1996",2026-08-26,2026-08-26_10.34.55
https://news.err.ee/1610119454/enefit-moves-ahead-with-plans-for-19-kilometer-auvere-narva-heating-pipeline,Enefit moves ahead with plans for 19‑kilometer Auvere–Narva heating pipeline,2026-08-26,2026-08-26_10.34.55
https://news.err.ee/1610119450/estonia-s-pig-farmers-appeal-for-state-support-as-eu-market-saturated,Estonia's pig farmers appeal for state support as EU market saturated,2026-08-26,2026-08-26_10.34.55
https://news.err.ee/1610119906/estonian-defense-company-to-invest-200-in-latvian-plant,Estonian defense company to invest €200 in Latvian plant,2026-08-26,2026-08-26_12.50.39
https://news.err.ee/1610119846/finnish-hotel-operator-in-talks-to-extend-viru-hotel-lease,Finnish hotel operator in talks to extend Viru Hotel lease,2026-08-26,2026-08-26_12.50.39
https://news.err.ee/1610119888/swedish-club-must-dish-out-five-figure-sum-for-fans-destruction-of-estonian-stadium,Swedish club must dish out five-figure sum for fans' destruction of Estonian stadium,2026-08-26,2026-08-26_12.50.39
https://news.err.ee/1610119609/circuit-court-clears-ex-minister-laanet-in-rental-fraud-case,Circuit court clears ex‑minister Laanet in rental fraud case,2026-08-26,2026-08-26_12.50.39
https://news.err.ee/1610119573/outspoken-influencer-andrew-tate-claimed-to-have-estonian-passport,Outspoken influencer Andrew Tate claimed to have Estonian passport,2026-08-26,2026-08-26_12.50.39
https://news.err.ee/1610119528/gallery-european-council-president-ant-nio-costa-meets-pm-michal-in-tallinn,Gallery: European Council President António Costa meets PM Michal in Tallinn,2026-08-26,2026-08-26_12.50.39
https://news.err.ee/1610119454/enefit-industry-moves-ahead-with-plans-for-19-kilometer-auvere-narva-heating-pipeline,Enefit Industry moves ahead with plans for 19‑kilometer Auvere–Narva heating pipeline,2026-08-26,2026-08-26_12.50.39
https://news.err.ee/1610119789/expert-center-party-leader-can-t-stop-his-mps-voting-in-presidential-election,Expert: Center Party leader can't stop his MPs voting in presidential election,2026-08-26,2026-08-26_14.43.50
https://news.err.ee/1610119723/up-to-400-children-without-school-places-says-education-minister,"Up to 400 children without school places, says education minister",2026-08-26,2026-08-26_14.43.50
https://news.err.ee/1610119690/painting-conservator-soviet-era-artists-had-to-paint-with-whatever-materials-they-could-get,Painting conservator: Soviet‑era artists had to paint with whatever materials they could get,2026-08-26,2026-08-26_14.43.50
https://news.err.ee/1610119912/court-rejects-request-by-convicted-traitor-for-early-release,Court rejects request by convicted traitor for early release,2026-08-26,2026-08-26_14.43.50
https://news.err.ee/1610119615/systematic-thefts-jump-25-in-first-half-of-year,Systematic thefts jump 25% in first half of year,2026-08-26,2026-08-26_14.43.50
https://news.err.ee/1610119906/estonian-defense-company-to-invest-200-million-in-latvian-plant,Estonian defense company to invest €200 million in Latvian plant,2026-08-26,2026-08-26_14.43.50
https://news.err.ee/1610119870/basketball-star-henri-drell-to-be-man-in-the-mask-in-hungary-qualifier,Basketball star Henri Drell to be 'man in the mask' in Hungary qualifier,2026-08-26,2026-08-26_16.48.35
https://news.err.ee/1610119873/difficult-to-believe-putin-would-meet-cia-chief-says-ex-iss-director,"Difficult to believe Putin would meet CIA chief, says Ex-ISS director",2026-08-26,2026-08-26_16.48.35
https://news.err.ee/1610120686/environment-agency-tracks-record-crane-numbers-as-migration-nears,Environment agency tracks record crane numbers as migration nears,2026-08-27,2026-08-27_07.27.48
https://news.err.ee/1610119792/study-psychedelics-help-the-brain-break-out-of-old-patterns,Study: Psychedelics help the brain break out of old patterns,2026-08-27,2026-08-27_07.27.48
https://news.err.ee/1610120572/media-cia-chief-s-moscow-visit-to-warn-russia-against-attacks-on-nato-war-in-iran,"Media: CIA chief's Moscow visit to warn Russia against attacks on NATO, war in Iran",2026-08-27,2026-08-27_07.27.48
https://news.err.ee/1610121580/a-look-back-at-estonia-s-presidential-elections-episode-3-arnold-ruutel-2001,"A look back at Estonia's presidential elections | Episode 3: Arnold Rüütel, 2001",2026-08-27,2026-08-27_18.52.27
https://news.err.ee/1610120986/work-ability-appeals-fall-as-success-rate-climbs-data-shows,"Work ability appeals fall as success rate climbs, data shows",2026-08-27,2026-08-27_18.52.27
https://news.err.ee/1610121547/isamaa-mp-confirms-deliberately-not-backing-ulle-madise-nomination,Isamaa MP confirms deliberately not backing Ülle Madise nomination,2026-08-27,2026-08-27_18.52.27
https://news.err.ee/1610120842/gallery-estonia-s-timber-nature-house-taking-shape-on-tallinn-waterfront,Gallery: Estonia's timber Nature House taking shape on Tallinn waterfront,2026-08-27,2026-08-27_18.52.27
https://news.err.ee/1610121520/estonian-drama-theater-terminates-mistake-hiring-after-ecstasy-admission,Estonian Drama Theater terminates 'mistake' hiring after ecstasy admission,2026-08-27,2026-08-27_18.52.27
https://news.err.ee/1610121523/expert-ukraine-in-2021-and-the-baltics-today-not-in-a-comparable-situation,Expert: Ukraine in 2021 and the Baltics today not in a comparable situation,2026-08-27,2026-08-27_18.52.27
https://news.err.ee/1610120839/tallinn-s-knitting-raves-put-a-crafty-spin-on-local-soft-clubbing,Tallinn's Knitting Raves put a crafty spin on local soft clubbing,2026-08-27,2026-08-27_18.52.27
https://news.err.ee/1610121472/estonia-s-ministry-of-finance-forecasts-tense-fiscal-situation-in-the-coming-years,Estonia's Ministry of Finance forecasts tense fiscal situation in the coming years,2026-08-27,2026-08-27_18.52.27
https://news.err.ee/1610120881/argo-ideon-cooperation-with-latvia-as-a-light-form-of-local-globalism,Argo Ideon: Cooperation with Latvia as a light form of local globalism,2026-08-27,2026-08-27_18.52.27
https://news.err.ee/1610120893/farmers-to-recieve-26-4-million-to-offset-rising-prices-and-bad-weather,Farmers to recieve €26.4 million to offset rising prices and bad weather,2026-08-27,2026-08-27_18.52.27
https://news.err.ee/1610120740/estonia-s-threat-assessment-has-not-changed-says-foreign-minister,"Estonia's threat assessment has not changed, says foreign minister",2026-08-27,2026-08-27_18.52.27
https://news.err.ee/1610120704/new-pond-near-tallinn-s-stroomi-beach-to-help-drain-flood-water,New pond near Tallinn's Stroomi beach to help drain flood water,2026-08-27,2026-08-27_18.52.27
https://news.err.ee/1610120863/2-estonians-potentially-missing-following-nepal-mudslide,2 Estonians potentially missing following Nepal mudslide,2026-08-27,2026-08-27_18.52.27
https://news.err.ee/1610122576/defense-agencies-admit-problems-but-plan-no-resignations,Defense agencies admit problems but plan no resignations,2026-08-28,2026-08-28_18.15.00
https://news.err.ee/1610122399/health-insurance-fund-hopes-to-reach-a-balanced-budget-by-2030,Health Insurance Fund hopes to reach a balanced budget by 2030,2026-08-28,2026-08-28_18.15.00
https://news.err.ee/1610122453/in-central-tallinn-a-woman-threw-a-stone-at-a-lamborghini,"In central Tallinn, a woman threw a stone at a Lamborghini",2026-08-28,2026-08-28_18.15.00
https://news.err.ee/1610122441/analyst-estonia-won-t-shake-fiscal-deficit-any-time-soon,Analyst: Estonia won't shake fiscal deficit any time soon,2026-08-28,2026-08-28_18.15.00
https://news.err.ee/1610122198/popular-fruit-and-berry-vendor-no-bananas-files-for-bankruptcy,Popular fruit and berry vendor No Bananas files for bankruptcy,2026-08-28,2026-08-28_18.15.00
https://news.err.ee/1610122171/tallinn-s-buses-help-identify-missing-and-damaged-traffic-signs,Tallinn's buses help identify missing and damaged traffic signs,2026-08-28,2026-08-28_18.15.00
https://news.err.ee/1610122372/russia-struggling-to-protect-strategic-sites-defense-official-says,"Russia struggling to protect strategic sites, defense official says",2026-08-28,2026-08-28_18.15.00
https://news.err.ee/1610122144/raul-eamets-on-forecasting-the-future-and-games-of-chance,Raul Eamets: On forecasting the future and games of chance,2026-08-28,2026-08-28_18.15.00
https://news.err.ee/1610122309/opposition-party-leader-ministry-of-defense-has-been-lying-to-the-riigikogu,Opposition party leader: Ministry of Defense has been lying to the Riigikogu,2026-08-28,2026-08-28_18.15.00
https://news.err.ee/1610122207/audit-continued-confusion-in-national-defense-hiking-risks-of-state-property-misuse,Audit: Continued confusion in national defense hiking risks of state property misuse,2026-08-28,2026-08-28_18.15.00
https://news.err.ee/1610122135/lidl-estonia-posts-loss-at-record-24-million-turnover,Lidl Estonia posts loss at record €24 million turnover,2026-08-28,2026-08-28_18.15.00
https://news.err.ee/1610122045/lack-of-job-opportunities-forces-thousands-of-older-estonians-into-early-retirement,Lack of job opportunities forces thousands of older Estonians into early retirement,2026-08-28,2026-08-28_18.15.00
https://news.err.ee/1610121439/falling-honey-demand-putting-pressure-on-estonian-beekeepers,Falling honey demand putting pressure on Estonian beekeepers,2026-08-28,2026-08-28_18.15.00
https://news.err.ee/1610122132/estonian-rescue-workers-physical-fitness-leaves-something-to-be-desired,Estonian rescue workers' physical fitness leaves something to be desired,2026-08-29,2026-08-29_02.44.06
https://news.err.ee/1610122918/gallery-siim-kallas-sent-off-with-state-honors,Gallery: Siim Kallas sent off with state honors,2026-08-29,2026-08-29_10.50.15
https://news.err.ee/1610122390/education-minister-parental-and-pedagogical-responsibility-off-balance-in-western-society,Education minister: Parental and pedagogical responsibility off-balance in Western society,2026-08-29,2026-08-29_10.50.15
https://news.err.ee/1610122270/ain-hanschmidt-the-economy-s-glass-is-half-full,Ain Hanschmidt: The economy's glass is half full,2026-08-29,2026-08-29_10.50.15
https://news.err.ee/1610122927/a-look-back-at-estonia-s-presidential-elections-episode-5-toomas-hendrik-ilves-2011,"A look back at Estonia's presidential elections | Episode 5: Toomas Hendrik Ilves, 2011",2026-08-29,2026-08-29_10.50.15
https://news.err.ee/1610122285/new-zealand-performer-george-fenn-brings-sexy-ghost-boy-to-tallinn-fringe,New Zealand performer George Fenn brings 'Sexy Ghost Boy' to Tallinn Fringe,2026-08-29,2026-08-29_10.50.15
https://news.err.ee/1610122345/fate-of-saaremaa-war-memorial-remains-uncertain-a-year-on,Fate of Saaremaa war memorial remains uncertain a year on,2026-08-29,2026-08-29_10.50.15
https://news.err.ee/1610122894/mushroom-train-to-cater-to-estonia-s-foraging-enthusiasts-this-fall,Mushroom train to cater to Estonia's foraging enthusiasts this fall,2026-08-29,2026-08-29_10.50.15
https://news.err.ee/1610122201/gallery-tallinn-art-museum-exhibition-gives-vulnerable-youth-a-voice,Gallery: Tallinn art museum exhibition gives vulnerable youth a voice,2026-08-29,2026-08-29_10.50.15
https://news.err.ee/1610122888/subway-green-corridors-and-water-taxis-among-tallinn-comprehensive-plan-proposals,"Subway, green corridors and water taxis among Tallinn comprehensive plan proposals",2026-08-29,2026-08-29_10.50.15
https://news.err.ee/1610122867/only-a-few-children-starting-this-september-in-estonia-s-smallest-schools,Only a few children starting this September in Estonia's smallest schools,2026-08-29,2026-08-29_10.50.15
https://news.err.ee/1610122147/wolf-wanders-into-yard-near-tallinn-experts-say-attacks-extremely-rare,"Wolf wanders into yard near Tallinn, experts say attacks extremely rare",2026-08-29,2026-08-29_10.50.15
https://news.err.ee/1610122414/starlink-trains-spotted-over-estonia-mistaken-for-ufos,"Starlink 'trains' spotted over Estonia, mistaken for UFOs",2026-08-29,2026-08-29_16.16.13
https://news.err.ee/1610122978/ancient-bonfires-organizer-three-fires-registered-in-america-this-year,Ancient Bonfires organizer: Three fires registered in America this year,2026-08-29,2026-08-29_16.16.13
https://news.err.ee/1610122864/minister-the-defense-ministry-will-take-temporary-control-of-edf-assets,Minister: The Defense Ministry will take temporary control of EDF assets,2026-08-29,2026-08-29_16.16.13
https://news.err.ee/1610123314/opposition-parties-call-for-early-elections,Opposition parties call for early elections,2026-08-30,2026-08-30_14.42.19
https://news.err.ee/1610123401/michal-opposition-is-panicking-catastrophe-narratives-are-not-true,"Michal: Opposition is panicking, 'catastrophe narratives' are not true",2026-08-30,2026-08-30_14.42.19
https://news.err.ee/1610123359/security-guards-report-more-cases-of-young-people-taking-drugs,Security guards report more cases of young people taking drugs,2026-08-30,2026-08-30_14.42.19
https://news.err.ee/1610122417/martin-molder-the-average-voter-gets-what-they-want-from-the-presidential-election,Martin Mölder: The average voter gets what they want from the presidential election,2026-08-30,2026-08-30_14.42.19
https://news.err.ee/1610123305/record-number-of-students-start-studying-at-security-sciences-academy,Record number of students start studying at security sciences academy,2026-08-30,2026-08-30_14.42.19
https://news.err.ee/1610123302/new-tallinn-tram-line-to-launch-on-september-1,New Tallinn tram line to launch on September 1,2026-08-30,2026-08-30_14.42.19
https://news.err.ee/1610123287/tallinn-to-sell-wooden-house-on-sakala-tanav-after-demolition-plan-scrapped,Tallinn to sell wooden house on Sakala tänav after demolition plan scrapped,2026-08-30,2026-08-30_14.42.19
https://news.err.ee/1610124028/expert-modern-schoolbags-offer-various-extra-features,Expert: modern schoolbags offer various extra features,2026-08-31,2026-08-31_10.35.25
https://news.err.ee/1610123923/schools-scramble-for-homeroom-teachers-amid-persistent-shortage,Schools scramble for homeroom teachers amid persistent shortage,2026-08-31,2026-08-31_10.35.25
https://news.err.ee/1610123833/recent-estonian-property-boundaries-open-to-legal-challenges-surveyors-warn,"Recent Estonian property boundaries open to legal challenges, surveyors warn",2026-08-31,2026-08-31_10.35.25
https://news.err.ee/1610123896/estonia-s-media-split-on-opposition-calls-for-snap-riigikogu-election,Estonia's media split on opposition calls for snap Riigikogu election,2026-08-31,2026-08-31_10.35.25
https://news.err.ee/1610123848/sde-leader-slams-push-for-rightwing-coalition-without-real-solutions,SDE leader slams push for rightwing coalition without real solutions,2026-08-31,2026-08-31_10.35.25
https://news.err.ee/1610123860/estonia-beaten-by-finland-in-basketball-world-cup-qualifier-as-drell-takes-the-hit,Estonia beaten by Finland in basketball World Cup qualifier as Drell takes the hit,2026-08-31,2026-08-31_10.35.25
https://news.err.ee/1610123809/estonia-s-economy-grew-by-1-8-in-second-quarter,Estonia's economy grew by 1.8% in second quarter,2026-08-31,2026-08-31_10.35.25
https://news.err.ee/1610123800/ngo-slava-ukraini-founder-to-stand-trial-via-video-link,NGO Slava Ukraini founder to stand trial via video link,2026-08-31,2026-08-31_10.35.25
https://news.err.ee/1610123764/emails-sent-to-estonia-s-state-institutions-from-russian-servers-will-be-quarantined,Emails sent to Estonia's state institutions from Russian servers will be quarantined,2026-08-31,2026-08-31_10.35.25
